PRAGMA foreign_keys=OFF;
BEGIN TRANSACTION;
CREATE TABLE goose_db_version (
                id INTEGER PRIMARY KEY auto_increment,
                version_id INTEGER NOT NULL,
                is_applied INTEGER NOT NULL,
                tstamp TIMESTAMP DEFAULT (datetime('now'))
            );
INSERT INTO goose_db_version VALUES(1,0,1,'2020-06-19 09:39:16');
INSERT INTO goose_db_version VALUES(2,20160118194630,1,'2020-06-19 09:39:16');
INSERT INTO goose_db_version VALUES(3,20160131153104,1,'2020-06-19 09:39:16');
INSERT INTO goose_db_version VALUES(4,20160211211220,1,'2020-06-19 09:39:16');
INSERT INTO goose_db_version VALUES(5,20160217211342,1,'2020-06-19 09:39:16');
INSERT INTO goose_db_version VALUES(6,20160225173824,1,'2020-06-19 09:39:16');
INSERT INTO goose_db_version VALUES(7,20160227180335,1,'2020-06-19 09:39:16');
INSERT INTO goose_db_version VALUES(8,20160317214457,1,'2020-06-19 09:39:16');
INSERT INTO goose_db_version VALUES(9,20160605210903,1,'2020-06-19 09:39:16');
INSERT INTO goose_db_version VALUES(10,20170104220731,1,'2020-06-19 09:39:16');
INSERT INTO goose_db_version VALUES(11,20170219122503,1,'2020-06-19 09:39:16');
INSERT INTO goose_db_version VALUES(12,20170827141312,1,'2020-06-19 09:39:16');
INSERT INTO goose_db_version VALUES(13,20171027213457,1,'2020-06-19 09:39:16');
INSERT INTO goose_db_version VALUES(14,20171208201932,1,'2020-06-19 09:39:16');
INSERT INTO goose_db_version VALUES(15,20180223101813,1,'2020-06-19 09:39:16');
INSERT INTO goose_db_version VALUES(16,20180524203752,1,'2020-06-19 09:39:16');
INSERT INTO goose_db_version VALUES(17,20180527213648,1,'2020-06-19 09:39:16');
INSERT INTO goose_db_version VALUES(18,20180830215615,1,'2020-06-19 09:39:16');
INSERT INTO goose_db_version VALUES(19,20190105192341,1,'2020-06-19 09:39:16');
CREATE TABLE IF NOT EXISTS users (id integer primary key auto_increment,username varchar(255) NOT NULL UNIQUE,hash varchar(255),api_key varchar(255) NOT NULL UNIQUE , role_id INTEGER);
INSERT INTO users VALUES(1,'admin','$2a$10$IYkPp0.QsM81lYYPrQx6W.U6oQGw7wMpozrKhKAHUBVL4mkm/EvAS','e8c83f2718ae70a4d1bdc5c13c8e7faf6cbb35cf4ee5285ec176d398ab4b7a75',1);
INSERT INTO users VALUES(2,'uschi_glas','$2a$10$hq3J5.ekaLp.AM4PUwVnBeRv0cznR2tjINoy9UrJdjhml1mFLipFK','20b2db07f250936cf456427546364ebfc787e07fd8b07a6905feb5b04485f5fb',2);
CREATE TABLE IF NOT EXISTS templates (id integer primary key auto_increment,user_id bigint,name varchar(255),subject varchar(255),text varchar(255),html varchar(255),modified_date datetime );
INSERT INTO templates VALUES(11,1,'j','j','j',replace('<html>\n<head>\n	<title></title>\n</head>\n<body>\n<p><a href={{.URL}}>hier klicken</a>{{.Tracker}}</p>\n</body>\n</html>\n','\n',char(10)),'2020-06-30 13:16:22.6565175+00:00');
INSERT INTO templates VALUES(12,1,'Click Submit Template','Click Submit','j',replace('<html>\n<head>\n	<title></title>\n</head>\n<body>\n<p><a href={{.URL}}>hier klicken</a>{{.Tracker}}</p>\n</body>\n</html>\n','\n',char(10)),'2020-07-01 09:31:44.52445+00:00');
INSERT INTO templates VALUES(13,1,'Tracking Doc','j','j',replace('<html>\n<head>\n	<title></title>\n</head>\n<body>\n<p>Hallo {{.Tracker}}</p>\n</body>\n</html>\n','\n',char(10)),'2020-07-22 10:40:06.4174422+00:00');
INSERT INTO templates VALUES(14,1,'df','s','',replace('<html>\n<head>\n	<title></title>\n</head>\n<body>{{.Tracker}}{{.TrackingURL}}</body>\n</html>\n','\n',char(10)),'2020-07-21 10:39:49.855506+00:00');
CREATE TABLE IF NOT EXISTS targets (id integer primary key auto_increment,first_name varchar(255),last_name varchar(255),email varchar(255),position varchar(255) );
INSERT INTO targets VALUES(1,'','','s.hense@tuta.io','');
INSERT INTO targets VALUES(2,'','','s.hense@mlgruppe.de','');
INSERT INTO targets VALUES(3,'','','cemmio@owlymail.com','');
INSERT INTO targets VALUES(4,'','','boclar@owlymail.com','');
INSERT INTO targets VALUES(5,'','','guinai@owlymail.com','');
INSERT INTO targets VALUES(6,'','','madkoa@owlymail.com','');
INSERT INTO targets VALUES(7,'','','alelacuf@boximail.com','');
INSERT INTO targets VALUES(8,'','','matukasa@robot-mail.com','');
INSERT INTO targets VALUES(9,'','','lifulax@getnada.com','');
INSERT INTO targets VALUES(10,'','','pukob@inboxbear.com','');
INSERT INTO targets VALUES(11,'','','zetabu@inboxbear.com','');
INSERT INTO targets VALUES(12,'','','tafyta@inboxbear.com','');
INSERT INTO targets VALUES(13,'foo','bar','miami666@openmail.cc','');
CREATE TABLE IF NOT EXISTS results (id integer primary key auto_increment,campaign_id bigint,user_id bigint,r_id varchar(255),email varchar(255),first_name varchar(255),last_name varchar(255),status varchar(255) NOT NULL ,ip varchar(255),latitude real,longitude real , position VARCHAR(255), send_date DATETIME, reported boolean default 0, modified_date DATETIME);
INSERT INTO results VALUES(39,20,1,'Z4hP13j','s.hense@tuta.io','','','Email Sent','',0.0,0.0,'','2020-06-23 06:53:49.2264128+00:00',0,'2020-06-23 06:53:49.2264128+00:00');
INSERT INTO results VALUES(40,20,1,'3oOxbT8','s.hense@mlgruppe.de','','','Email Sent','',0.0,0.0,'','2020-06-23 06:53:49.3638658+00:00',0,'2020-06-23 06:53:49.3638658+00:00');
INSERT INTO results VALUES(41,21,1,'lUBGhVt','s.hense@tuta.io','','','Email Opened','127.0.0.1',0.0,0.0,'','2020-06-23 07:20:17.9750345+00:00',0,'2020-06-23 08:48:18.3252271+00:00');
INSERT INTO results VALUES(42,21,1,'myyzDoR','s.hense@mlgruppe.de','','','WORD Opened','127.0.0.1',0.0,0.0,'','2020-06-23 07:20:18.2487093+00:00',0,'2020-06-23 12:43:06.413737+00:00');
INSERT INTO results VALUES(43,22,1,'VxHGwmF','s.hense@tuta.io','','','WORD Opened','127.0.0.1',0.0,0.0,'','2020-06-23 12:10:39.7233749+00:00',0,'2020-06-23 12:36:37.4129252+00:00');
INSERT INTO results VALUES(44,22,1,'YCvZHaU','s.hense@mlgruppe.de','','','Email Sent','',0.0,0.0,'','2020-06-23 12:10:39.890926+00:00',0,'2020-06-23 12:10:39.890926+00:00');
INSERT INTO results VALUES(45,23,1,'N9WJOE1','s.hense@tuta.io','','','Email Sent','',0.0,0.0,'','2020-06-23 12:44:52.6935676+00:00',0,'2020-06-23 12:44:52.6935676+00:00');
INSERT INTO results VALUES(46,23,1,'vMOgBph','s.hense@mlgruppe.de','','','WORD Opened','127.0.0.1',0.0,0.0,'','2020-06-23 12:44:53.0326622+00:00',0,'2020-06-23 13:22:43.0415801+00:00');
INSERT INTO results VALUES(47,24,1,'RIpnsAt','s.hense@tuta.io','','','Email Sent','',0.0,0.0,'','2020-06-23 13:31:27.0688441+00:00',0,'2020-06-23 13:31:27.0688441+00:00');
INSERT INTO results VALUES(48,24,1,'jtxmqPY','s.hense@mlgruppe.de','','','WORD Opened','127.0.0.1',0.0,0.0,'','2020-06-23 13:31:27.3835128+00:00',0,'2020-06-23 14:08:31.6807982+00:00');
INSERT INTO results VALUES(49,25,1,'XqxFTic','s.hense@tuta.io','','','Email Sent','',0.0,0.0,'','2020-06-24 06:25:01.5569647+00:00',0,'2020-06-24 06:25:01.5569647+00:00');
INSERT INTO results VALUES(50,25,1,'LyRmInl','s.hense@mlgruppe.de','','','Email Sent','',0.0,0.0,'','2020-06-24 06:25:01.6886835+00:00',0,'2020-06-24 06:25:01.6886835+00:00');
INSERT INTO results VALUES(51,26,1,'iF6zwGw','s.hense@tuta.io','','','Email Sent','',0.0,0.0,'','2020-06-24 06:37:49.1625427+00:00',0,'2020-06-24 06:37:49.1625427+00:00');
INSERT INTO results VALUES(52,26,1,'pHvtkW3','s.hense@mlgruppe.de','','','Email Sent','',0.0,0.0,'','2020-06-24 06:37:50.2651436+00:00',0,'2020-06-24 06:37:50.2651436+00:00');
INSERT INTO results VALUES(53,27,1,'T0I6ugr','s.hense@tuta.io','','','Email Sent','',0.0,0.0,'','2020-06-24 07:12:17.334919+00:00',0,'2020-06-24 07:12:17.334919+00:00');
INSERT INTO results VALUES(54,27,1,'GDLc1ds','s.hense@mlgruppe.de','','','Email Sent','',0.0,0.0,'','2020-06-24 07:12:18.5003314+00:00',0,'2020-06-24 07:12:18.5003314+00:00');
INSERT INTO results VALUES(55,28,1,'RM4HWxQ','s.hense@tuta.io','','','Email Sent','',0.0,0.0,'','2020-06-24 07:39:25.1767802+00:00',0,'2020-06-24 07:39:25.1767802+00:00');
INSERT INTO results VALUES(56,28,1,'JhkwF2A','s.hense@mlgruppe.de','','','Email Sent','',0.0,0.0,'','2020-06-24 07:39:25.3439453+00:00',0,'2020-06-24 07:39:25.3439453+00:00');
INSERT INTO results VALUES(57,29,1,'FoKIG2H','s.hense@tuta.io','','','Email Sent','',0.0,0.0,'','2020-06-24 08:00:57.2037481+00:00',0,'2020-06-24 08:00:57.2037481+00:00');
INSERT INTO results VALUES(58,29,1,'eIx4v0x','s.hense@mlgruppe.de','','','Email Sent','',0.0,0.0,'','2020-06-24 08:03:07.3173761+00:00',0,'2020-06-24 08:03:07.3173761+00:00');
INSERT INTO results VALUES(59,30,1,'2lnspLy','s.hense@tuta.io','','','Email Sent','',0.0,0.0,'','2020-06-24 08:22:35.5875823+00:00',0,'2020-06-24 08:22:35.5875823+00:00');
INSERT INTO results VALUES(60,30,1,'opCAsqn','s.hense@mlgruppe.de','','','Email Sent','',0.0,0.0,'','2020-06-24 08:22:37.3737608+00:00',0,'2020-06-24 08:22:37.3737608+00:00');
INSERT INTO results VALUES(61,31,1,'z5PxJvJ','s.hense@tuta.io','','','Email Sent','',0.0,0.0,'','2020-06-24 08:24:58.6748911+00:00',0,'2020-06-24 08:24:58.6748911+00:00');
INSERT INTO results VALUES(62,31,1,'kn484Sc','s.hense@mlgruppe.de','','','Email Sent','',0.0,0.0,'','2020-06-24 08:24:59.7866756+00:00',0,'2020-06-24 08:24:59.7866756+00:00');
INSERT INTO results VALUES(63,32,1,'HecDcvV','s.hense@tuta.io','','','Email Sent','',0.0,0.0,'','2020-06-24 08:46:27.5216684+00:00',0,'2020-06-24 08:46:27.5216684+00:00');
INSERT INTO results VALUES(64,32,1,'p68WaHh','s.hense@mlgruppe.de','','','Email Sent','',0.0,0.0,'','2020-06-24 08:46:28.6530282+00:00',0,'2020-06-24 08:46:28.6530282+00:00');
INSERT INTO results VALUES(65,33,1,'7BJEcbZ','s.hense@tuta.io','','','Email Sent','',0.0,0.0,'','2020-06-24 08:55:17.2530467+00:00',0,'2020-06-24 08:55:17.2530467+00:00');
INSERT INTO results VALUES(66,33,1,'LlDaa01','s.hense@mlgruppe.de','','','Email Sent','',0.0,0.0,'','2020-06-24 08:53:56.7017446+00:00',0,'2020-06-24 08:53:56.7017446+00:00');
INSERT INTO results VALUES(67,34,1,'V3y4yQP','s.hense@tuta.io','','','Email Sent','',0.0,0.0,'','2020-06-24 09:28:27.7848261+00:00',0,'2020-06-24 09:28:27.7848261+00:00');
INSERT INTO results VALUES(68,34,1,'pAnrjvi','s.hense@mlgruppe.de','','','Email Sent','',0.0,0.0,'','2020-06-24 09:28:33.2392991+00:00',0,'2020-06-24 09:28:33.2392991+00:00');
INSERT INTO results VALUES(69,35,1,'p7XT8DF','s.hense@tuta.io','','','Email Sent','',0.0,0.0,'','2020-06-24 09:31:46.5834844+00:00',0,'2020-06-24 09:31:46.5834844+00:00');
INSERT INTO results VALUES(70,35,1,'M7bp8uM','s.hense@mlgruppe.de','','','Email Sent','',0.0,0.0,'','2020-06-24 09:31:47.7040973+00:00',0,'2020-06-24 09:31:47.7040973+00:00');
INSERT INTO results VALUES(71,36,1,'wS9uDSg','s.hense@tuta.io','','','Email Sent','',0.0,0.0,'','2020-06-24 09:43:06.1898645+00:00',0,'2020-06-24 09:43:06.1898645+00:00');
INSERT INTO results VALUES(72,36,1,'FNxnhSw','s.hense@mlgruppe.de','','','Email Sent','',0.0,0.0,'','2020-06-24 09:43:12.2422848+00:00',0,'2020-06-24 09:43:12.2422848+00:00');
INSERT INTO results VALUES(73,37,1,'zYsGNDI','s.hense@tuta.io','','','Email Sent','',0.0,0.0,'','2020-06-24 10:11:54.5357825+00:00',0,'2020-06-24 10:11:54.5357825+00:00');
INSERT INTO results VALUES(74,37,1,'S4UFG6V','s.hense@mlgruppe.de','','','Email Sent','',0.0,0.0,'','2020-06-24 10:11:55.9422369+00:00',0,'2020-06-24 10:11:55.9422369+00:00');
INSERT INTO results VALUES(75,38,1,'mSxrcbT','s.hense@tuta.io','','','Email Sent','',0.0,0.0,'','2020-06-24 10:19:42.4669709+00:00',0,'2020-06-24 10:19:42.4669709+00:00');
INSERT INTO results VALUES(76,38,1,'ZEd0XSw','s.hense@mlgruppe.de','','','Email Sent','',0.0,0.0,'','2020-06-24 10:21:03.770268+00:00',0,'2020-06-24 10:21:03.770268+00:00');
INSERT INTO results VALUES(77,39,1,'CeNjMl9','s.hense@tuta.io','','','Email Sent','',0.0,0.0,'','2020-06-24 11:42:44.8874264+00:00',0,'2020-06-24 11:42:44.8874264+00:00');
INSERT INTO results VALUES(78,39,1,'W7rO0pB','s.hense@mlgruppe.de','','','Email Sent','',0.0,0.0,'','2020-06-24 11:42:46.3759086+00:00',0,'2020-06-24 11:42:46.3759086+00:00');
INSERT INTO results VALUES(79,40,1,'BkhqbdQ','s.hense@tuta.io','','','Email Sent','',0.0,0.0,'','2020-06-24 11:54:04.0955714+00:00',0,'2020-06-24 11:54:04.0955714+00:00');
INSERT INTO results VALUES(80,40,1,'fQPaNLp','s.hense@mlgruppe.de','','','Email Sent','',0.0,0.0,'','2020-06-24 11:54:04.9084681+00:00',0,'2020-06-24 11:54:04.9084681+00:00');
INSERT INTO results VALUES(81,41,1,'ir9VoRw','s.hense@tuta.io','','','Email Sent','',0.0,0.0,'','2020-06-24 12:03:41.293799+00:00',0,'2020-06-24 12:03:41.293799+00:00');
INSERT INTO results VALUES(82,41,1,'x8LUh8R','s.hense@mlgruppe.de','','','Email Sent','',0.0,0.0,'','2020-06-24 12:03:42.6680401+00:00',0,'2020-06-24 12:03:42.6680401+00:00');
INSERT INTO results VALUES(83,42,1,'LftRuNu','s.hense@tuta.io','','','Email Sent','',0.0,0.0,'','2020-06-24 14:03:18.2961238+00:00',0,'2020-06-24 14:03:18.2961238+00:00');
INSERT INTO results VALUES(84,42,1,'U41xfjs','s.hense@mlgruppe.de','','','Email Sent','',0.0,0.0,'','2020-06-24 14:04:36.3496114+00:00',0,'2020-06-24 14:04:36.3496114+00:00');
INSERT INTO results VALUES(85,43,1,'j5qpI8H','s.hense@tuta.io','','','Email Sent','',0.0,0.0,'','2020-06-24 14:09:11.2923665+00:00',0,'2020-06-24 14:09:11.2923665+00:00');
INSERT INTO results VALUES(86,43,1,'QG4hG1d','s.hense@mlgruppe.de','','','WORD Opened','127.0.0.1',0.0,0.0,'','2020-06-24 14:09:12.5568639+00:00',0,'2020-06-24 14:10:49.824212+00:00');
INSERT INTO results VALUES(87,44,1,'ycor94N','s.hense@tuta.io','','','Email Sent','',0.0,0.0,'','2020-06-29 10:55:42.3377388+00:00',0,'2020-06-29 10:55:42.3377388+00:00');
INSERT INTO results VALUES(88,44,1,'Gni5ZXJ','s.hense@mlgruppe.de','','','WORD Opened','127.0.0.1',0.0,0.0,'','2020-06-29 10:55:43.378634+00:00',0,'2020-06-29 10:56:56.6523707+00:00');
INSERT INTO results VALUES(89,45,1,'seprWhs','s.hense@tuta.io','','','Email Sent','',0.0,0.0,'','2020-06-29 11:01:46.8698689+00:00',0,'2020-06-29 11:01:46.8698689+00:00');
INSERT INTO results VALUES(90,45,1,'rQGnut3','s.hense@mlgruppe.de','','','WORD Opened','127.0.0.1',0.0,0.0,'','2020-06-29 11:01:48.0076122+00:00',0,'2020-06-29 11:02:13.5582527+00:00');
INSERT INTO results VALUES(91,46,1,'8TNvVlr','s.hense@tuta.io','','','Email Opened','127.0.0.1',0.0,0.0,'','2020-06-30 06:21:34.8698961+00:00',0,'2020-06-30 06:54:53.8062491+00:00');
INSERT INTO results VALUES(92,46,1,'Qpo1a24','s.hense@mlgruppe.de','','','WORD Opened','127.0.0.1',0.0,0.0,'','2020-06-30 06:21:35.6628314+00:00',0,'2020-07-01 17:31:59.9299406+00:00');
INSERT INTO results VALUES(93,47,1,'bdKkJK6','s.hense@tuta.io','','','Email Sent','',0.0,0.0,'','2020-06-30 06:38:03.9809221+00:00',0,'2020-06-30 06:38:03.9809221+00:00');
INSERT INTO results VALUES(94,47,1,'lfBBBCY','s.hense@mlgruppe.de','','','WORD Opened','127.0.0.1',0.0,0.0,'','2020-06-30 06:38:04.724492+00:00',0,'2020-06-30 06:38:40.4796873+00:00');
INSERT INTO results VALUES(95,48,1,'3hJPSiR','s.hense@tuta.io','','','WORD Opened','127.0.0.1',0.0,0.0,'','2020-06-30 07:43:32.8289989+00:00',0,'2020-06-30 08:02:52.5279255+00:00');
INSERT INTO results VALUES(96,48,1,'AqBagXj','s.hense@mlgruppe.de','','','WORD Opened','127.0.0.1',0.0,0.0,'','2020-06-30 07:43:33.9775777+00:00',0,'2020-06-30 07:43:55.7086728+00:00');
INSERT INTO results VALUES(97,49,1,'Vu2MP6S','s.hense@tuta.io','','','Email Opened','127.0.0.1',0.0,0.0,'','2020-06-30 08:31:15.6553311+00:00',0,'2020-06-30 08:56:26.2635868+00:00');
INSERT INTO results VALUES(98,49,1,'7lF83hv','s.hense@mlgruppe.de','','','WORD Opened','127.0.0.1',0.0,0.0,'','2020-06-30 08:31:16.7080665+00:00',0,'2020-06-30 08:32:24.148483+00:00');
INSERT INTO results VALUES(99,50,1,'0JFUU8M','s.hense@tuta.io','','','Clicked Link','127.0.0.1',0.0,0.0,'','2020-06-30 13:16:54.5485045+00:00',0,'2020-06-30 13:40:47.1270728+00:00');
INSERT INTO results VALUES(100,50,1,'fIoz4oQ','s.hense@mlgruppe.de','','','Clicked Link','127.0.0.1',0.0,0.0,'','2020-06-30 13:16:55.3249208+00:00',0,'2020-06-30 13:36:50.2611428+00:00');
INSERT INTO results VALUES(101,51,1,'rzC82fI','s.hense@tuta.io','','','Email Opened','127.0.0.1',0.0,0.0,'','2020-06-30 20:37:27.5846332+00:00',0,'2020-07-01 07:48:33.2692756+00:00');
INSERT INTO results VALUES(102,51,1,'Yk86ca5','s.hense@mlgruppe.de','','','Clicked Link','127.0.0.1',0.0,0.0,'','2020-06-30 20:37:28.4938473+00:00',0,'2020-06-30 21:38:56.5559076+00:00');
INSERT INTO results VALUES(103,52,1,'Nvg13XV','s.hense@tuta.io','','','Email Sent','',0.0,0.0,'','2020-07-01 09:36:34.1759847+00:00',0,'2020-07-01 09:36:34.1759847+00:00');
INSERT INTO results VALUES(104,52,1,'V8fYvUa','s.hense@mlgruppe.de','','','WORD Opened','127.0.0.1',0.0,0.0,'','2020-07-01 09:36:35.2588567+00:00',0,'2020-07-01 09:37:51.3579317+00:00');
INSERT INTO results VALUES(105,53,1,'dWzsAiE','s.hense@tuta.io','','','Email Sent','',0.0,0.0,'','2020-07-01 09:39:19.4841325+00:00',0,'2020-07-01 09:39:19.4841325+00:00');
INSERT INTO results VALUES(106,53,1,'idIpQCN','s.hense@mlgruppe.de','','','WORD Opened','127.0.0.1',0.0,0.0,'','2020-07-01 09:39:20.2284156+00:00',0,'2020-07-01 09:40:24.5869474+00:00');
INSERT INTO results VALUES(107,54,1,'SjJ3W4O','s.hense@tuta.io','','','Email Sent','',0.0,0.0,'','2020-07-01 12:28:33.9736331+00:00',0,'2020-07-01 12:28:33.9736331+00:00');
INSERT INTO results VALUES(108,54,1,'Dx7hqtg','s.hense@mlgruppe.de','','','Clicked Link','127.0.0.1',0.0,0.0,'','2020-07-01 12:28:34.143191+00:00',0,'2020-07-01 12:29:11.5357762+00:00');
INSERT INTO results VALUES(109,55,1,'hYjGk80','s.hense@tuta.io','','','WORD Opened','127.0.0.1',0.0,0.0,'','2020-07-20 07:06:13.0841627+00:00',0,'2020-07-20 07:10:34.2645511+00:00');
INSERT INTO results VALUES(110,55,1,'yXlF73Z','s.hense@mlgruppe.de','','','WORD Opened','127.0.0.1',0.0,0.0,'','2020-07-20 07:06:13.8286951+00:00',0,'2020-07-20 07:43:29.1779736+00:00');
INSERT INTO results VALUES(111,56,1,'S3unE2A','s.hense@tuta.io','','','WORD Opened','127.0.0.1',0.0,0.0,'','2020-07-20 07:52:37.8577614+00:00',0,'2020-07-20 12:43:37.0358692+00:00');
INSERT INTO results VALUES(112,56,1,'D7fvkuJ','s.hense@mlgruppe.de','','','WORD Opened','127.0.0.1',0.0,0.0,'','2020-07-20 07:52:38.9448257+00:00',0,'2020-07-20 08:18:50.62977+00:00');
INSERT INTO results VALUES(113,57,1,'ZVQJi1v','s.hense@tuta.io','','','WORD Opened','127.0.0.1',0.0,0.0,'','2020-07-20 12:47:58.5085967+00:00',0,'2020-07-20 12:48:40.5617481+00:00');
INSERT INTO results VALUES(114,57,1,'iCqGApR','s.hense@mlgruppe.de','','','WORD Opened','127.0.0.1',0.0,0.0,'','2020-07-20 12:47:59.4486502+00:00',0,'2020-07-20 12:50:49.3821127+00:00');
INSERT INTO results VALUES(115,58,1,'rF4iLb5','s.hense@tuta.io','','','Email Sent','',0.0,0.0,'','2020-07-20 12:52:48.0330733+00:00',0,'2020-07-20 12:52:48.0330733+00:00');
INSERT INTO results VALUES(116,58,1,'0ECPmHW','s.hense@mlgruppe.de','','','Email Sent','',0.0,0.0,'','2020-07-20 12:52:48.8857176+00:00',0,'2020-07-20 12:52:48.8857176+00:00');
INSERT INTO results VALUES(117,59,1,'Ew2xMDc','s.hense@tuta.io','','','Email Sent','',0.0,0.0,'','2020-07-20 13:29:04.1048411+00:00',0,'2020-07-20 13:29:04.1048411+00:00');
INSERT INTO results VALUES(118,59,1,'79Ip0iX','s.hense@mlgruppe.de','','','Email Sent','',0.0,0.0,'','2020-07-20 13:29:05.2071356+00:00',0,'2020-07-20 13:29:05.2071356+00:00');
INSERT INTO results VALUES(119,60,1,'we1d8lr','s.hense@tuta.io','','','WORD Opened','127.0.0.1',0.0,0.0,'','2020-07-20 13:34:16.1155203+00:00',0,'2020-07-20 14:33:20.98922+00:00');
INSERT INTO results VALUES(120,60,1,'nBbqioT','s.hense@mlgruppe.de','','','Email Sent','',0.0,0.0,'','2020-07-20 13:34:17.1642228+00:00',0,'2020-07-20 13:34:17.1642228+00:00');
INSERT INTO results VALUES(121,61,1,'6lbOFms','s.hense@tuta.io','','','WORD Opened','127.0.0.1',0.0,0.0,'','2020-07-20 13:36:54.3202194+00:00',0,'2020-07-21 06:08:32.6090798+00:00');
INSERT INTO results VALUES(122,61,1,'IT9s4Fn','s.hense@mlgruppe.de','','','Email Sent','',0.0,0.0,'','2020-07-20 13:36:55.4425754+00:00',0,'2020-07-20 13:36:55.4425754+00:00');
INSERT INTO results VALUES(123,62,1,'JwlkLXU','s.hense@tuta.io','','','WORD Opened','127.0.0.1',0.0,0.0,'','2020-07-21 05:48:40.0344816+00:00',0,'2020-07-21 06:06:06.5257574+00:00');
INSERT INTO results VALUES(124,62,1,'drlmlFn','s.hense@mlgruppe.de','','','Email Sent','',0.0,0.0,'','2020-07-21 05:48:40.6926007+00:00',0,'2020-07-21 05:48:40.6926007+00:00');
INSERT INTO results VALUES(125,63,1,'vZZxo0C','s.hense@tuta.io','','','WORD Opened','127.0.0.1',0.0,0.0,'','2020-07-21 08:21:04.3443609+00:00',0,'2020-07-21 08:23:18.0393107+00:00');
INSERT INTO results VALUES(126,63,1,'URxnVKa','s.hense@mlgruppe.de','','','WORD Opened','127.0.0.1',0.0,0.0,'','2020-07-21 08:21:05.4404831+00:00',0,'2020-07-21 08:24:20.3783998+00:00');
INSERT INTO results VALUES(127,64,1,'4nkXv3o','s.hense@tuta.io','','','Email Sent','',0.0,0.0,'','2020-07-21 09:45:55.3691565+00:00',0,'2020-07-21 09:45:55.3691565+00:00');
INSERT INTO results VALUES(128,64,1,'PLUVlVy','s.hense@mlgruppe.de','','','Email Sent','',0.0,0.0,'','2020-07-21 09:45:57.213668+00:00',0,'2020-07-21 09:45:57.213668+00:00');
INSERT INTO results VALUES(129,65,1,'fzcOHzu','s.hense@tuta.io','','','Email Sent','',0.0,0.0,'','2020-07-21 09:52:57.6371829+00:00',0,'2020-07-21 09:52:57.6371829+00:00');
INSERT INTO results VALUES(130,65,1,'4nPIuk4','s.hense@mlgruppe.de','','','Email Sent','',0.0,0.0,'','2020-07-21 09:52:58.3037925+00:00',0,'2020-07-21 09:52:58.3037925+00:00');
INSERT INTO results VALUES(131,66,1,'fXJiaUh','s.hense@tuta.io','','','Email Opened','127.0.0.1',0.0,0.0,'','2020-07-21 09:55:13.5313208+00:00',0,'2020-07-21 10:45:52.9200407+00:00');
INSERT INTO results VALUES(132,66,1,'4TJ2FA4','s.hense@mlgruppe.de','','','Email Sent','',0.0,0.0,'','2020-07-21 09:55:14.5628598+00:00',0,'2020-07-21 09:55:14.5628598+00:00');
INSERT INTO results VALUES(133,67,1,'j2KT1tX','s.hense@tuta.io','','','Email Sent','',0.0,0.0,'','2020-07-21 10:17:28.403452+00:00',0,'2020-07-21 10:17:28.403452+00:00');
INSERT INTO results VALUES(134,67,1,'AooHZgs','s.hense@mlgruppe.de','','','Email Opened','127.0.0.1',0.0,0.0,'','2020-07-21 10:17:29.5116974+00:00',0,'2020-07-21 10:44:55.1109677+00:00');
INSERT INTO results VALUES(135,68,1,'gt2f5VU','s.hense@tuta.io','','','Email Sent','',0.0,0.0,'','2020-07-21 10:40:06.6790187+00:00',0,'2020-07-21 10:40:06.6790187+00:00');
INSERT INTO results VALUES(136,68,1,'LHZj51O','s.hense@mlgruppe.de','','','Email Sent','',0.0,0.0,'','2020-07-21 10:40:06.8372597+00:00',0,'2020-07-21 10:40:06.8372597+00:00');
INSERT INTO results VALUES(137,69,1,'PH8z9M8','cemmio@owlymail.com','','','WORD Opened','127.0.0.1',0.0,0.0,'','2020-07-22 10:41:26.2554603+00:00',0,'2020-07-22 10:48:21.7325185+00:00');
INSERT INTO results VALUES(138,69,1,'UKyzNJX','boclar@owlymail.com','','','Email Sent','',0.0,0.0,'','2020-07-22 10:41:27.0212169+00:00',0,'2020-07-22 10:41:27.0212169+00:00');
INSERT INTO results VALUES(139,69,1,'4hwfpYk','guinai@owlymail.com','','','Email Sent','',0.0,0.0,'','2020-07-22 10:41:27.9259927+00:00',0,'2020-07-22 10:41:27.9259927+00:00');
INSERT INTO results VALUES(140,69,1,'nKHVBFX','madkoa@owlymail.com','','','Email Opened','127.0.0.1',0.0,0.0,'','2020-07-22 10:41:29.0313577+00:00',0,'2020-07-22 10:42:18.2337274+00:00');
INSERT INTO results VALUES(141,69,1,'FoIe4SA','alelacuf@boximail.com','','','Email Sent','',0.0,0.0,'','2020-07-22 10:41:29.9054991+00:00',0,'2020-07-22 10:41:29.9054991+00:00');
INSERT INTO results VALUES(142,69,1,'1MthyoF','matukasa@robot-mail.com','','','WORD Opened','127.0.0.1',0.0,0.0,'','2020-07-22 10:41:30.5916536+00:00',0,'2020-07-22 10:47:00.2133275+00:00');
INSERT INTO results VALUES(143,69,1,'CVoelOl','lifulax@getnada.com','','','Email Sent','',0.0,0.0,'','2020-07-22 10:41:31.3930773+00:00',0,'2020-07-22 10:41:31.3930773+00:00');
INSERT INTO results VALUES(144,69,1,'f430Lec','pukob@inboxbear.com','','','Email Sent','',0.0,0.0,'','2020-07-22 10:41:32.0940443+00:00',0,'2020-07-22 10:41:32.0940443+00:00');
INSERT INTO results VALUES(145,69,1,'CjYL4XK','zetabu@inboxbear.com','','','Email Sent','',0.0,0.0,'','2020-07-22 10:41:32.8593997+00:00',0,'2020-07-22 10:41:32.8593997+00:00');
INSERT INTO results VALUES(146,69,1,'FnqP0uF','tafyta@inboxbear.com','','','Email Sent','',0.0,0.0,'','2020-07-22 10:41:33.5713533+00:00',0,'2020-07-22 10:41:33.5713533+00:00');
INSERT INTO results VALUES(147,70,1,'4J4vl4x','s.hense@tuta.io','','','Email Sent','',0.0,0.0,'','2020-11-04 11:57:12.284219+00:00',0,'2020-11-04 11:57:12.284219+00:00');
INSERT INTO results VALUES(148,70,1,'RmBlwGA','s.hense@mlgruppe.de','','','Email Sent','',0.0,0.0,'','2020-11-04 11:57:14.0772323+00:00',0,'2020-11-04 11:57:14.0772323+00:00');
INSERT INTO results VALUES(149,71,1,'kseKD5X','s.hense@tuta.io','','','Email Sent','',0.0,0.0,'','2020-11-05 12:28:17.3199202+00:00',0,'2020-11-05 12:28:17.3199202+00:00');
INSERT INTO results VALUES(150,71,1,'OygKYX2','s.hense@mlgruppe.de','','','Email Sent','',0.0,0.0,'','2020-11-05 12:28:18.3736691+00:00',0,'2020-11-05 12:28:18.3736691+00:00');
INSERT INTO results VALUES(151,72,1,'KyZHUP6','s.hense@tuta.io','','','Email Sent','',0.0,0.0,'','2020-11-05 12:32:16.5338174+00:00',0,'2020-11-05 12:32:16.5338174+00:00');
INSERT INTO results VALUES(152,72,1,'TAXMA4W','s.hense@mlgruppe.de','','','Email Sent','',0.0,0.0,'','2020-11-05 12:32:17.5828058+00:00',0,'2020-11-05 12:32:17.5828058+00:00');
INSERT INTO results VALUES(153,73,1,'8vpP5OB','s.hense@tuta.io','','','Email Sent','',0.0,0.0,'','2020-11-05 12:37:16.9042425+00:00',0,'2020-11-05 12:37:16.9042425+00:00');
INSERT INTO results VALUES(154,73,1,'FLWVgMW','s.hense@mlgruppe.de','','','Email Sent','',0.0,0.0,'','2020-11-05 12:37:17.9893496+00:00',0,'2020-11-05 12:37:17.9893496+00:00');
INSERT INTO results VALUES(155,74,1,'T6jIcZB','s.hense@tuta.io','','','Email Sent','',0.0,0.0,'','2020-11-06 13:09:55.0563699+00:00',0,'2020-11-06 13:09:55.0563699+00:00');
INSERT INTO results VALUES(156,74,1,'FGd0e4e','s.hense@mlgruppe.de','','','WORD Opened','127.0.0.1',0.0,0.0,'','2020-11-06 13:09:55.9977782+00:00',0,'2020-11-10 06:57:41.0326025+00:00');
INSERT INTO results VALUES(157,75,1,'WsAfgFD','s.hense@tuta.io','','','Email Sent','',0.0,0.0,'','2020-11-06 13:09:54.6974738+00:00',0,'2020-11-06 13:09:54.6974738+00:00');
INSERT INTO results VALUES(158,75,1,'jWRz9jZ','s.hense@mlgruppe.de','','','WORD Opened','127.0.0.1',0.0,0.0,'','2020-11-06 13:09:55.523332+00:00',0,'2020-11-10 08:10:23.6468605+00:00');
INSERT INTO results VALUES(159,76,1,'hHDyEae','s.hense@tuta.io','','','Email Sent','',0.0,0.0,'','2020-11-04 13:05:16.0915606+00:00',0,'2020-11-04 13:05:16.0915606+00:00');
INSERT INTO results VALUES(160,76,1,'778lwhi','s.hense@mlgruppe.de','','','Email Sent','',0.0,0.0,'','2020-11-04 13:05:16.869645+00:00',0,'2020-11-04 13:05:16.869645+00:00');
INSERT INTO results VALUES(161,77,1,'hVB0uL3','s.hense@tuta.io','','','Email Sent','',0.0,0.0,'','2020-11-04 13:31:28.051324+00:00',0,'2020-11-04 13:31:28.051324+00:00');
INSERT INTO results VALUES(162,77,1,'yEuge8W','s.hense@mlgruppe.de','','','Email Sent','',0.0,0.0,'','2020-11-04 13:31:29.1167797+00:00',0,'2020-11-04 13:31:29.1167797+00:00');
INSERT INTO results VALUES(163,78,1,'jwqpHOY','s.hense@tuta.io','','','Email Sent','',0.0,0.0,'','2020-11-05 08:32:36.2164721+00:00',0,'2020-11-05 08:32:36.2164721+00:00');
INSERT INTO results VALUES(164,78,1,'uAyzbGC','s.hense@mlgruppe.de','','','Email Sent','',0.0,0.0,'','2020-11-05 08:32:36.9623312+00:00',0,'2020-11-05 08:32:36.9623312+00:00');
INSERT INTO results VALUES(165,79,1,'soKDZgr','s.hense@tuta.io','','','Email Sent','',0.0,0.0,'','2020-11-05 10:21:43.3863246+00:00',0,'2020-11-05 10:21:43.3863246+00:00');
INSERT INTO results VALUES(166,79,1,'WdygDCM','s.hense@mlgruppe.de','','','Email Sent','',0.0,0.0,'','2020-11-05 10:21:44.3774693+00:00',0,'2020-11-05 10:21:44.3774693+00:00');
INSERT INTO results VALUES(167,80,1,'7DKhrXX','s.hense@tuta.io','','','Email Sent','',0.0,0.0,'','2020-11-05 10:26:01.3192673+00:00',0,'2020-11-05 10:26:01.3192673+00:00');
INSERT INTO results VALUES(168,80,1,'crBQjgO','s.hense@mlgruppe.de','','','Email Sent','',0.0,0.0,'','2020-11-05 10:26:02.4976002+00:00',0,'2020-11-05 10:26:02.4976002+00:00');
INSERT INTO results VALUES(169,80,1,'fcuBKlc','miami666@openmail.cc','foo','bar','Email Sent','',0.0,0.0,'','2020-11-05 10:26:03.2092759+00:00',0,'2020-11-05 10:26:03.2092759+00:00');
INSERT INTO results VALUES(170,81,1,'vwGjkdz','s.hense@tuta.io','','','Email Sent','',0.0,0.0,'','2020-11-05 10:36:07.0516439+00:00',0,'2020-11-05 10:36:07.0516439+00:00');
INSERT INTO results VALUES(171,81,1,'P9NeFcN','s.hense@mlgruppe.de','','','Email Sent','',0.0,0.0,'','2020-11-05 10:36:08.067078+00:00',0,'2020-11-05 10:36:08.067078+00:00');
INSERT INTO results VALUES(172,81,1,'gNow24n','miami666@openmail.cc','foo','bar','Email Sent','',0.0,0.0,'','2020-11-05 10:36:09.0482737+00:00',0,'2020-11-05 10:36:09.0482737+00:00');
INSERT INTO results VALUES(173,82,1,'7O5T8AW','s.hense@tuta.io','','','Email Sent','',0.0,0.0,'','2020-11-05 10:39:17.8890256+00:00',0,'2020-11-05 10:39:17.8890256+00:00');
INSERT INTO results VALUES(174,82,1,'ENqE1ut','s.hense@mlgruppe.de','','','Email Sent','',0.0,0.0,'','2020-11-05 10:39:18.9185487+00:00',0,'2020-11-05 10:39:18.9185487+00:00');
INSERT INTO results VALUES(175,82,1,'d8VTcpb','miami666@openmail.cc','foo','bar','Email Sent','',0.0,0.0,'','2020-11-05 10:39:19.9507916+00:00',0,'2020-11-05 10:39:19.9507916+00:00');
INSERT INTO results VALUES(176,83,1,'0NP4DpF','s.hense@tuta.io','','','Email Sent','',0.0,0.0,'','2020-11-05 10:44:11.8964557+00:00',0,'2020-11-05 10:44:11.8964557+00:00');
INSERT INTO results VALUES(177,83,1,'npDLsJv','s.hense@mlgruppe.de','','','Email Sent','',0.0,0.0,'','2020-11-05 10:44:13.0451851+00:00',0,'2020-11-05 10:44:13.0451851+00:00');
INSERT INTO results VALUES(178,83,1,'R4fIOPG','miami666@openmail.cc','foo','bar','Email Sent','',0.0,0.0,'','2020-11-05 10:44:13.8501537+00:00',0,'2020-11-05 10:44:13.8501537+00:00');
INSERT INTO results VALUES(179,84,1,'mKhqkAD','s.hense@tuta.io','','','Email Sent','',0.0,0.0,'','2020-11-05 10:50:25.4058962+00:00',0,'2020-11-05 10:50:25.4058962+00:00');
INSERT INTO results VALUES(180,84,1,'W2FGyKJ','s.hense@mlgruppe.de','','','Email Sent','',0.0,0.0,'','2020-11-05 10:50:26.5576683+00:00',0,'2020-11-05 10:50:26.5576683+00:00');
INSERT INTO results VALUES(181,84,1,'3drweCL','miami666@openmail.cc','foo','bar','Email Sent','',0.0,0.0,'','2020-11-05 10:50:27.5636508+00:00',0,'2020-11-05 10:50:27.5636508+00:00');
INSERT INTO results VALUES(182,85,1,'wTEFmth','s.hense@tuta.io','','','Email Sent','',0.0,0.0,'','2020-11-05 11:06:43.3919112+00:00',0,'2020-11-05 11:06:43.3919112+00:00');
INSERT INTO results VALUES(183,85,1,'kU27q4W','s.hense@mlgruppe.de','','','Email Sent','',0.0,0.0,'','2020-11-05 11:06:44.5274107+00:00',0,'2020-11-05 11:06:44.5274107+00:00');
INSERT INTO results VALUES(184,85,1,'mkGWri0','miami666@openmail.cc','foo','bar','Email Sent','',0.0,0.0,'','2020-11-05 11:06:45.4031214+00:00',0,'2020-11-05 11:06:45.4031214+00:00');
INSERT INTO results VALUES(185,86,1,'4O8GoIu','s.hense@tuta.io','','','Email Sent','',0.0,0.0,'','2020-11-05 11:15:16.4775609+00:00',0,'2020-11-05 11:15:16.4775609+00:00');
INSERT INTO results VALUES(186,86,1,'UDgjxdU','s.hense@mlgruppe.de','','','Email Sent','',0.0,0.0,'','2020-11-05 11:20:16.4486036+00:00',0,'2020-11-05 11:20:16.4486036+00:00');
INSERT INTO results VALUES(187,86,1,'ih6HUTI','miami666@openmail.cc','foo','bar','Email Sent','',0.0,0.0,'','2020-11-05 11:25:16.6612876+00:00',0,'2020-11-05 11:25:16.6612876+00:00');
INSERT INTO results VALUES(188,87,1,'x5koNZc','s.hense@tuta.io','','','Email Sent','',0.0,0.0,'','2020-11-06 14:01:07.3271504+00:00',0,'2020-11-06 14:01:07.3271504+00:00');
INSERT INTO results VALUES(189,87,1,'rzslsPP','s.hense@mlgruppe.de','','','WORD Opened','127.0.0.1',0.0,0.0,'','2020-11-06 14:05:54.3660394+00:00',0,'2020-11-10 01:54:54.7086733+00:00');
INSERT INTO results VALUES(190,87,1,'yRICytJ','miami666@openmail.cc','foo','bar','Email Sent','',0.0,0.0,'','2020-11-06 14:10:54.4121193+00:00',0,'2020-11-06 14:10:54.4121193+00:00');
INSERT INTO results VALUES(191,88,1,'OUo2vOU','s.hense@tuta.io','','','Email Sent','',0.0,0.0,'','2020-11-06 15:00:45.290604+00:00',0,'2020-11-06 15:00:45.290604+00:00');
INSERT INTO results VALUES(192,88,1,'llnnBeM','s.hense@mlgruppe.de','','','WORD Opened','127.0.0.1',0.0,0.0,'','2020-11-06 15:05:45.4464766+00:00',0,'2020-11-10 08:19:06.7762216+00:00');
INSERT INTO results VALUES(193,88,1,'7BpPIVi','miami666@openmail.cc','foo','bar','Email Sent','',0.0,0.0,'','2020-11-06 15:10:45.3954413+00:00',0,'2020-11-06 15:10:45.3954413+00:00');
INSERT INTO results VALUES(194,89,1,'dfyYs5p','s.hense@tuta.io','','','Email Sent','',0.0,0.0,'','2020-11-10 11:00:59.0548633+00:00',0,'2020-11-10 11:00:59.0548633+00:00');
INSERT INTO results VALUES(195,89,1,'53OBR7n','s.hense@mlgruppe.de','','','WORD Opened','127.0.0.1',0.0,0.0,'','2020-11-10 11:05:57.8386718+00:00',0,'2020-11-10 11:11:56.3966429+00:00');
INSERT INTO results VALUES(196,89,1,'m7dcQzF','miami666@openmail.cc','foo','bar','Email Sent','',0.0,0.0,'','2020-11-10 11:10:57.4967771+00:00',0,'2020-11-10 11:10:57.4967771+00:00');
INSERT INTO results VALUES(197,90,1,'vuZ7qkr','s.hense@tuta.io','','','WORD Opened','127.0.0.1',0.0,0.0,'','2020-11-10 13:40:16.2569617+00:00',0,'2020-11-10 13:42:04.4745757+00:00');
INSERT INTO results VALUES(198,90,1,'ladpNS3','s.hense@mlgruppe.de','','','Scheduled','',0.0,0.0,'','2020-11-10 13:45:00+00:00',0,'2020-11-10 13:36:03.26314+00:00');
INSERT INTO results VALUES(199,90,1,'ytSyS8C','miami666@openmail.cc','foo','bar','Scheduled','',0.0,0.0,'','2020-11-10 13:50:00+00:00',0,'2020-11-10 13:36:03.26314+00:00');
CREATE TABLE IF NOT EXISTS pages (id integer primary key auto_increment,user_id bigint,name varchar(255),html varchar(255),modified_date datetime , capture_credentials BOOLEAN, capture_passwords BOOLEAN, redirect_url VARCHAR(255));
INSERT INTO pages VALUES(1,1,'Landing Page Test',replace('<html lang=en><head>\n  <title>COMAPNY Phishing</title>\n  <link rel=stylesheet href=https://maxcdn.bootstrapcdn.com/bootstrap/3.3.7/css/bootstrap.min.css/>\n  <style>\n  .header{\n    background-color: #000;\n  }\n  .navLink{\n    display: inline-block;\n    padding-top: 10px;\n    padding-bottom: 10px;\n    padding-left: 20px;\n    padding-right: 20px;\n  }\n  b{\n    color:#EF5350;\n  }\n  </style>\n</head>\n<body>\n  <div class=header style=text-align:left;>\n    <div class=navLink><h3 style=margin:0;><img src=companyImageSrc height=50/><b> Phishing Test</b></h3></div>\n  </div>\n  <div class=container style=text-align:center>\n    <div class=jumbotron>\n      <h2>You clicked on a simulated phishing test.</h2>\n      <h3>Here are some tips to help you stay safer in the future</h3>\n    </div>\n    <div class=row>\n      <div class=col-md-4><h1>Tip: #1</h1>\n        <h2>Stop, Look, Think</h2>\n        <p>Did anything look out of the ordinary? Did you recognize the senders address? Was it similar but not the same as an offical email?</p>\n        <pre><p style=font-size:1.2em;>Information Technology &lt;it@company.<font color=red>co</font>&gt;</p></pre>\n      </div>\n      <div class=col-md-4><h1>Tip: #2</h1>\n        <h2>Do you spot a red flag?</h2>\n        <p>At COMAPNY any email from an external sender should have a caution message at the very top. Do you see this banner?</p>\n        <img src=companyImgSrc width=100%/>\n      </div>\n      <div class=col-md-4><h1>Tip: #3</h1>\n        <h2>When in doubt throw it out</h2>\n        <p>If you ever think that an email is suspicous it is better to err on the side of caution. Forward it to phish@COMPANY.com</p>\n      </div>\n    </div>\n\n</div></body></html>','\n',char(10)),'2020-06-23 14:04:19.0843563+00:00',1,1,'https://www.youtube.com/watch?v=oHg5SJYRHA0');
CREATE TABLE IF NOT EXISTS groups (id integer primary key auto_increment,user_id bigint,name varchar(255),modified_date datetime );
INSERT INTO groups VALUES(1,1,'Gruppe Test','2020-11-05 10:25:35.3878676+00:00');
INSERT INTO groups VALUES(2,1,'Owly Mail','2020-07-22 10:39:34.9604453+00:00');
CREATE TABLE IF NOT EXISTS group_targets (group_id bigint,target_id bigint );
INSERT INTO group_targets VALUES(1,1);
INSERT INTO group_targets VALUES(1,2);
INSERT INTO group_targets VALUES(2,3);
INSERT INTO group_targets VALUES(2,4);
INSERT INTO group_targets VALUES(2,5);
INSERT INTO group_targets VALUES(2,6);
INSERT INTO group_targets VALUES(2,7);
INSERT INTO group_targets VALUES(2,8);
INSERT INTO group_targets VALUES(2,9);
INSERT INTO group_targets VALUES(2,10);
INSERT INTO group_targets VALUES(2,11);
INSERT INTO group_targets VALUES(2,12);
INSERT INTO group_targets VALUES(1,13);
CREATE TABLE IF NOT EXISTS events (id integer primary key auto_increment,campaign_id bigint,email varchar(255),time datetime,message varchar(255) , details BLOB);
INSERT INTO events VALUES(92,20,'','2020-06-23 06:53:48.6520589+00:00','Campaign Created','');
INSERT INTO events VALUES(93,20,'s.hense@tuta.io','2020-06-23 06:53:49.2264128+00:00','Email Sent','');
INSERT INTO events VALUES(94,20,'s.hense@mlgruppe.de','2020-06-23 06:53:49.3638658+00:00','Email Sent','');
INSERT INTO events VALUES(95,21,'','2020-06-23 07:20:17.405973+00:00','Campaign Created','');
INSERT INTO events VALUES(96,21,'s.hense@tuta.io','2020-06-23 07:20:17.9750345+00:00','Email Sent','');
INSERT INTO events VALUES(97,21,'s.hense@mlgruppe.de','2020-06-23 07:20:18.2487093+00:00','Email Sent','');
INSERT INTO events VALUES(98,21,'s.hense@tuta.io','2020-06-23 07:22:27.2782808+00:00','WORD Opened','{payload:{rid:[lUBGhVt]},browser:{address:127.0.0.1,user-agent:Mozilla/5.0 (Windows NT 10.0; Win64; x64) AppleWebKit/537.36 (KHTML, like Gecko) Chrome/83.0.4103.106 Safari/537.36}}');
INSERT INTO events VALUES(99,21,'s.hense@tuta.io','2020-06-23 08:48:18.3252271+00:00','Email Opened','{payload:{rid:[lUBGhVt]},browser:{address:127.0.0.1,user-agent:Mozilla/5.0 (Windows NT 10.0; Win64; x64) AppleWebKit/537.36 (KHTML, like Gecko) Chrome/83.0.4103.106 Safari/537.36}}');
INSERT INTO events VALUES(100,22,'','2020-06-23 12:10:37.9659871+00:00','Campaign Created','');
INSERT INTO events VALUES(101,22,'s.hense@tuta.io','2020-06-23 12:10:39.7233749+00:00','Email Sent','');
INSERT INTO events VALUES(102,22,'s.hense@mlgruppe.de','2020-06-23 12:10:39.890926+00:00','Email Sent','');
INSERT INTO events VALUES(103,22,'s.hense@tuta.io','2020-06-23 12:13:23.2454677+00:00','WORD Opened','{payload:{rid:[VxHGwmF]},browser:{address:127.0.0.1,user-agent:Mozilla/5.0 (Windows NT 10.0; Win64; x64) AppleWebKit/537.36 (KHTML, like Gecko) Chrome/83.0.4103.106 Safari/537.36}}');
INSERT INTO events VALUES(104,22,'s.hense@tuta.io','2020-06-23 12:33:57.7438267+00:00','WORD Opened','{payload:{rid:[VxHGwmF]},browser:{address:127.0.0.1,user-agent:Mozilla/5.0 (Windows NT 10.0; Win64; x64) AppleWebKit/537.36 (KHTML, like Gecko) Chrome/83.0.4103.106 Safari/537.36}}');
INSERT INTO events VALUES(105,22,'s.hense@tuta.io','2020-06-23 12:35:59.1331657+00:00','WORD Opened','{payload:{rid:[VxHGwmF]},browser:{address:127.0.0.1,user-agent:Mozilla/5.0 (Windows NT 10.0; Win64; x64) AppleWebKit/537.36 (KHTML, like Gecko) Chrome/83.0.4103.106 Safari/537.36}}');
INSERT INTO events VALUES(106,22,'s.hense@tuta.io','2020-06-23 12:36:37.4129252+00:00','WORD Opened','{payload:{rid:[VxHGwmF]},browser:{address:127.0.0.1,user-agent:Mozilla/5.0 (Windows NT 10.0; Win64; x64) AppleWebKit/537.36 (KHTML, like Gecko) Chrome/83.0.4103.106 Safari/537.36}}');
INSERT INTO events VALUES(107,21,'s.hense@mlgruppe.de','2020-06-23 12:43:06.413737+00:00','WORD Opened','{payload:{rid:[myyzDoR]},browser:{address:127.0.0.1,user-agent:Mozilla/5.0 (Windows NT 10.0; Win64; x64) AppleWebKit/537.36 (KHTML, like Gecko) Chrome/83.0.4103.106 Safari/537.36}}');
INSERT INTO events VALUES(108,23,'','2020-06-23 12:44:51.341026+00:00','Campaign Created','');
INSERT INTO events VALUES(109,23,'s.hense@tuta.io','2020-06-23 12:44:52.6935676+00:00','Email Sent','');
INSERT INTO events VALUES(110,23,'s.hense@mlgruppe.de','2020-06-23 12:44:53.0326622+00:00','Email Sent','');
INSERT INTO events VALUES(111,23,'s.hense@mlgruppe.de','2020-06-23 13:22:43.0415801+00:00','WORD Opened','{payload:{rid:[vMOgBph]},browser:{address:127.0.0.1,user-agent:Mozilla/5.0 (Windows NT 10.0; Win64; x64) AppleWebKit/537.36 (KHTML, like Gecko) Chrome/83.0.4103.106 Safari/537.36}}');
INSERT INTO events VALUES(112,24,'','2020-06-23 13:31:25.9203244+00:00','Campaign Created','');
INSERT INTO events VALUES(113,24,'s.hense@tuta.io','2020-06-23 13:31:27.0688441+00:00','Email Sent','');
INSERT INTO events VALUES(114,24,'s.hense@mlgruppe.de','2020-06-23 13:31:27.3835128+00:00','Email Sent','');
INSERT INTO events VALUES(115,24,'s.hense@mlgruppe.de','2020-06-23 13:33:35.3771823+00:00','WORD Opened','{payload:{rid:[jtxmqPY]},browser:{address:127.0.0.1,user-agent:Mozilla/5.0 (Windows NT 10.0; Win64; x64) AppleWebKit/537.36 (KHTML, like Gecko) Chrome/83.0.4103.106 Safari/537.36}}');
INSERT INTO events VALUES(116,24,'s.hense@mlgruppe.de','2020-06-23 13:36:59.8481772+00:00','WORD Opened','{payload:{rid:[jtxmqPY]},browser:{address:127.0.0.1,user-agent:Mozilla/5.0 (Windows NT 10.0; Win64; x64) AppleWebKit/537.36 (KHTML, like Gecko) Chrome/83.0.4103.106 Safari/537.36}}');
INSERT INTO events VALUES(117,24,'s.hense@mlgruppe.de','2020-06-23 14:08:31.6807982+00:00','WORD Opened','{payload:{rid:[jtxmqPY]},browser:{address:127.0.0.1,user-agent:Mozilla/5.0 (Windows NT 10.0; Win64; x64) AppleWebKit/537.36 (KHTML, like Gecko) Chrome/83.0.4103.106 Safari/537.36}}');
INSERT INTO events VALUES(118,25,'','2020-06-24 06:25:00.2491684+00:00','Campaign Created','');
INSERT INTO events VALUES(119,25,'s.hense@tuta.io','2020-06-24 06:25:01.5569647+00:00','Email Sent','');
INSERT INTO events VALUES(120,25,'s.hense@mlgruppe.de','2020-06-24 06:25:01.6886835+00:00','Email Sent','');
INSERT INTO events VALUES(121,26,'','2020-06-24 06:37:47.439478+00:00','Campaign Created','');
INSERT INTO events VALUES(122,26,'s.hense@tuta.io','2020-06-24 06:37:49.1625427+00:00','Email Sent','');
INSERT INTO events VALUES(123,26,'s.hense@mlgruppe.de','2020-06-24 06:37:50.2651436+00:00','Email Sent','');
INSERT INTO events VALUES(124,27,'','2020-06-24 07:12:16.0340674+00:00','Campaign Created','');
INSERT INTO events VALUES(125,27,'s.hense@tuta.io','2020-06-24 07:12:17.334919+00:00','Email Sent','');
INSERT INTO events VALUES(126,27,'s.hense@mlgruppe.de','2020-06-24 07:12:18.5003314+00:00','Email Sent','');
INSERT INTO events VALUES(127,28,'','2020-06-24 07:39:23.6747071+00:00','Campaign Created','');
INSERT INTO events VALUES(128,28,'s.hense@tuta.io','2020-06-24 07:39:25.1767802+00:00','Email Sent','');
INSERT INTO events VALUES(129,28,'s.hense@mlgruppe.de','2020-06-24 07:39:25.3439453+00:00','Email Sent','');
INSERT INTO events VALUES(130,29,'','2020-06-24 08:00:34.2720828+00:00','Campaign Created','');
INSERT INTO events VALUES(131,29,'s.hense@tuta.io','2020-06-24 08:00:57.2037481+00:00','Email Sent','');
INSERT INTO events VALUES(132,29,'s.hense@mlgruppe.de','2020-06-24 08:02:16.7010321+00:00','Error Sending Email','{error:read tcp 10.8.2.11:59075-\u003e94.130.24.101:587: wsarecv: Ein Verbindungsversuch ist fehlgeschlagen, da die Gegenstelle nach einer bestimmten Zeitspanne nicht richtig reagiert hat, oder die hergestellte Verbindung war fehlerhaft, da der verbundene Host nicht reagiert hat.}');
INSERT INTO events VALUES(133,29,'s.hense@mlgruppe.de','2020-06-24 08:03:07.3173761+00:00','Email Sent','');
INSERT INTO events VALUES(134,30,'','2020-06-24 08:22:33.6809856+00:00','Campaign Created','');
INSERT INTO events VALUES(135,30,'s.hense@tuta.io','2020-06-24 08:22:35.5875823+00:00','Email Sent','');
INSERT INTO events VALUES(136,30,'s.hense@mlgruppe.de','2020-06-24 08:22:37.3737608+00:00','Email Sent','');
INSERT INTO events VALUES(137,31,'','2020-06-24 08:24:57.2891947+00:00','Campaign Created','');
INSERT INTO events VALUES(138,31,'s.hense@tuta.io','2020-06-24 08:24:58.6748911+00:00','Email Sent','');
INSERT INTO events VALUES(139,31,'s.hense@mlgruppe.de','2020-06-24 08:24:59.7866756+00:00','Email Sent','');
INSERT INTO events VALUES(140,32,'','2020-06-24 08:46:25.4435021+00:00','Campaign Created','');
INSERT INTO events VALUES(141,32,'s.hense@tuta.io','2020-06-24 08:46:27.5216684+00:00','Email Sent','');
INSERT INTO events VALUES(142,32,'s.hense@mlgruppe.de','2020-06-24 08:46:28.6530282+00:00','Email Sent','');
INSERT INTO events VALUES(143,33,'','2020-06-24 08:53:35.1849208+00:00','Campaign Created','');
INSERT INTO events VALUES(144,33,'s.hense@tuta.io','2020-06-24 08:53:55.6037805+00:00','Error Sending Email','{error:read tcp 10.8.2.11:60942-\u003e94.130.24.101:587: wsarecv: Ein Verbindungsversuch ist fehlgeschlagen, da die Gegenstelle nach einer bestimmten Zeitspanne nicht richtig reagiert hat, oder die hergestellte Verbindung war fehlerhaft, da der verbundene Host nicht reagiert hat.}');
INSERT INTO events VALUES(145,33,'s.hense@mlgruppe.de','2020-06-24 08:53:56.7017446+00:00','Email Sent','');
INSERT INTO events VALUES(146,33,'s.hense@tuta.io','2020-06-24 08:55:17.2530467+00:00','Email Sent','');
INSERT INTO events VALUES(147,34,'','2020-06-24 09:28:25.1394123+00:00','Campaign Created','');
INSERT INTO events VALUES(148,34,'s.hense@tuta.io','2020-06-24 09:28:27.7848261+00:00','Email Sent','');
INSERT INTO events VALUES(149,34,'s.hense@mlgruppe.de','2020-06-24 09:28:33.2392991+00:00','Email Sent','');
INSERT INTO events VALUES(150,35,'','2020-06-24 09:31:44.6021205+00:00','Campaign Created','');
INSERT INTO events VALUES(151,35,'s.hense@tuta.io','2020-06-24 09:31:46.5834844+00:00','Email Sent','');
INSERT INTO events VALUES(152,35,'s.hense@mlgruppe.de','2020-06-24 09:31:47.7040973+00:00','Email Sent','');
INSERT INTO events VALUES(153,36,'','2020-06-24 09:42:49.0415263+00:00','Campaign Created','');
INSERT INTO events VALUES(154,36,'s.hense@tuta.io','2020-06-24 09:43:06.1898645+00:00','Email Sent','');
INSERT INTO events VALUES(155,36,'s.hense@mlgruppe.de','2020-06-24 09:43:12.2422848+00:00','Email Sent','');
INSERT INTO events VALUES(156,37,'','2020-06-24 10:11:52.0739885+00:00','Campaign Created','');
INSERT INTO events VALUES(157,37,'s.hense@tuta.io','2020-06-24 10:11:54.5357825+00:00','Email Sent','');
INSERT INTO events VALUES(158,37,'s.hense@mlgruppe.de','2020-06-24 10:11:55.9422369+00:00','Email Sent','');
INSERT INTO events VALUES(159,38,'','2020-06-24 10:19:12.6481121+00:00','Campaign Created','');
INSERT INTO events VALUES(160,38,'s.hense@tuta.io','2020-06-24 10:19:42.4669709+00:00','Email Sent','');
INSERT INTO events VALUES(161,38,'s.hense@mlgruppe.de','2020-06-24 10:21:03.770268+00:00','Email Sent','');
INSERT INTO events VALUES(162,39,'','2020-06-24 11:42:42.3773946+00:00','Campaign Created','');
INSERT INTO events VALUES(163,39,'s.hense@tuta.io','2020-06-24 11:42:44.8874264+00:00','Email Sent','');
INSERT INTO events VALUES(164,39,'s.hense@mlgruppe.de','2020-06-24 11:42:46.3759086+00:00','Email Sent','');
INSERT INTO events VALUES(165,40,'','2020-06-24 11:54:02.3060972+00:00','Campaign Created','');
INSERT INTO events VALUES(166,40,'s.hense@tuta.io','2020-06-24 11:54:04.0955714+00:00','Email Sent','');
INSERT INTO events VALUES(167,40,'s.hense@mlgruppe.de','2020-06-24 11:54:04.9084681+00:00','Email Sent','');
INSERT INTO events VALUES(168,41,'','2020-06-24 12:03:39.8689186+00:00','Campaign Created','');
INSERT INTO events VALUES(169,41,'s.hense@tuta.io','2020-06-24 12:03:41.293799+00:00','Email Sent','');
INSERT INTO events VALUES(170,41,'s.hense@mlgruppe.de','2020-06-24 12:03:42.6680401+00:00','Email Sent','');
INSERT INTO events VALUES(171,42,'','2020-06-24 14:02:59.1920568+00:00','Campaign Created','');
INSERT INTO events VALUES(172,42,'s.hense@tuta.io','2020-06-24 14:03:18.2961238+00:00','Email Sent','');
INSERT INTO events VALUES(173,42,'s.hense@mlgruppe.de','2020-06-24 14:03:44.8101656+00:00','Error Sending Email','{error:read tcp 10.8.2.11:50783-\u003e94.130.24.101:587: wsarecv: Ein Verbindungsversuch ist fehlgeschlagen, da die Gegenstelle nach einer bestimmten Zeitspanne nicht richtig reagiert hat, oder die hergestellte Verbindung war fehlerhaft, da der verbundene Host nicht reagiert hat.}');
INSERT INTO events VALUES(174,42,'s.hense@mlgruppe.de','2020-06-24 14:04:36.3496114+00:00','Email Sent','');
INSERT INTO events VALUES(175,43,'','2020-06-24 14:09:10.0706085+00:00','Campaign Created','');
INSERT INTO events VALUES(176,43,'s.hense@tuta.io','2020-06-24 14:09:11.2923665+00:00','Email Sent','');
INSERT INTO events VALUES(177,43,'s.hense@mlgruppe.de','2020-06-24 14:09:12.5568639+00:00','Email Sent','');
INSERT INTO events VALUES(178,43,'s.hense@mlgruppe.de','2020-06-24 14:10:49.824212+00:00','WORD Opened','{payload:{rid:[QG4hG1d]},browser:{address:127.0.0.1,user-agent:Mozilla/4.0 (compatible; Win32; WinHttp.WinHttpRequest.5)}}');
INSERT INTO events VALUES(179,44,'','2020-06-29 10:55:40.3683772+00:00','Campaign Created','');
INSERT INTO events VALUES(180,44,'s.hense@tuta.io','2020-06-29 10:55:42.3377388+00:00','Email Sent','');
INSERT INTO events VALUES(181,44,'s.hense@mlgruppe.de','2020-06-29 10:55:43.378634+00:00','Email Sent','');
INSERT INTO events VALUES(182,44,'s.hense@mlgruppe.de','2020-06-29 10:56:56.6523707+00:00','WORD Opened','{payload:{rid:[Gni5ZXJ]},browser:{address:127.0.0.1,user-agent:Mozilla/4.0 (compatible; Win32; WinHttp.WinHttpRequest.5)}}');
INSERT INTO events VALUES(183,45,'','2020-06-29 11:01:45.5778413+00:00','Campaign Created','');
INSERT INTO events VALUES(184,45,'s.hense@tuta.io','2020-06-29 11:01:46.8698689+00:00','Email Sent','');
INSERT INTO events VALUES(185,45,'s.hense@mlgruppe.de','2020-06-29 11:01:48.0076122+00:00','Email Sent','');
INSERT INTO events VALUES(186,45,'s.hense@mlgruppe.de','2020-06-29 11:02:13.5582527+00:00','WORD Opened','{payload:{rid:[rQGnut3]},browser:{address:127.0.0.1,user-agent:Mozilla/4.0 (compatible; Win32; WinHttp.WinHttpRequest.5)}}');
INSERT INTO events VALUES(187,46,'','2020-06-30 06:21:31.3092322+00:00','Campaign Created','');
INSERT INTO events VALUES(188,46,'s.hense@tuta.io','2020-06-30 06:21:34.8698961+00:00','Email Sent','');
INSERT INTO events VALUES(189,46,'s.hense@mlgruppe.de','2020-06-30 06:21:35.6628314+00:00','Email Sent','');
INSERT INTO events VALUES(190,46,'s.hense@mlgruppe.de','2020-06-30 06:22:32.5867711+00:00','WORD Opened','{payload:{rid:[Qpo1a24]},browser:{address:127.0.0.1,user-agent:Mozilla/4.0 (compatible; Win32; WinHttp.WinHttpRequest.5)}}');
INSERT INTO events VALUES(191,47,'','2020-06-30 06:38:02.3156325+00:00','Campaign Created','');
INSERT INTO events VALUES(192,47,'s.hense@tuta.io','2020-06-30 06:38:03.9809221+00:00','Email Sent','');
INSERT INTO events VALUES(193,47,'s.hense@mlgruppe.de','2020-06-30 06:38:04.724492+00:00','Email Sent','');
INSERT INTO events VALUES(194,47,'s.hense@mlgruppe.de','2020-06-30 06:38:40.4796873+00:00','WORD Opened','{payload:{rid:[lfBBBCY]},browser:{address:127.0.0.1,user-agent:Mozilla/4.0 (compatible; Win32; WinHttp.WinHttpRequest.5)}}');
INSERT INTO events VALUES(195,46,'s.hense@tuta.io','2020-06-30 06:54:53.8062491+00:00','Email Opened','{payload:{rid:[8TNvVlr]},browser:{address:127.0.0.1,user-agent:Mozilla/5.0 (Windows NT 10.0; Win64; x64) AppleWebKit/537.36 (KHTML, like Gecko) Chrome/83.0.4103.106 Safari/537.36}}');
INSERT INTO events VALUES(196,48,'','2020-06-30 07:43:31.0527766+00:00','Campaign Created','');
INSERT INTO events VALUES(197,48,'s.hense@tuta.io','2020-06-30 07:43:32.8289989+00:00','Email Sent','');
INSERT INTO events VALUES(198,48,'s.hense@mlgruppe.de','2020-06-30 07:43:33.9775777+00:00','Email Sent','');
INSERT INTO events VALUES(199,48,'s.hense@mlgruppe.de','2020-06-30 07:43:40.7703318+00:00','Email Opened','{payload:{rid:[AqBagXj]},browser:{address:127.0.0.1,user-agent:Mozilla/5.0 (Windows NT 10.0; Win64; x64) AppleWebKit/537.36 (KHTML, like Gecko) Chrome/83.0.4103.106 Safari/537.36}}');
INSERT INTO events VALUES(200,48,'s.hense@mlgruppe.de','2020-06-30 07:43:55.7086728+00:00','WORD Opened','{payload:{rid:[AqBagXj]},browser:{address:127.0.0.1,user-agent:Mozilla/4.0 (compatible; Win32; WinHttp.WinHttpRequest.5)}}');
INSERT INTO events VALUES(201,48,'s.hense@tuta.io','2020-06-30 08:01:58.5453588+00:00','Email Opened','{payload:{rid:[3hJPSiR]},browser:{address:127.0.0.1,user-agent:Mozilla/5.0 (Windows NT 10.0; Win64; x64) AppleWebKit/537.36 (KHTML, like Gecko) Chrome/83.0.4103.106 Safari/537.36}}');
INSERT INTO events VALUES(202,48,'s.hense@tuta.io','2020-06-30 08:02:52.5279255+00:00','WORD Opened','{payload:{rid:[3hJPSiR]},browser:{address:127.0.0.1,user-agent:Mozilla/4.0 (compatible; Win32; WinHttp.WinHttpRequest.5)}}');
INSERT INTO events VALUES(203,49,'','2020-06-30 08:31:14.2869035+00:00','Campaign Created','');
INSERT INTO events VALUES(204,49,'s.hense@tuta.io','2020-06-30 08:31:15.6553311+00:00','Email Sent','');
INSERT INTO events VALUES(205,49,'s.hense@mlgruppe.de','2020-06-30 08:31:16.7080665+00:00','Email Sent','');
INSERT INTO events VALUES(206,49,'s.hense@mlgruppe.de','2020-06-30 08:31:19.1253447+00:00','Email Opened','{payload:{rid:[7lF83hv]},browser:{address:127.0.0.1,user-agent:Mozilla/5.0 (Windows NT 10.0; Win64; x64) AppleWebKit/537.36 (KHTML, like Gecko) Chrome/83.0.4103.106 Safari/537.36}}');
INSERT INTO events VALUES(207,49,'s.hense@mlgruppe.de','2020-06-30 08:32:24.148483+00:00','WORD Opened','{payload:{rid:[7lF83hv]},browser:{address:127.0.0.1,user-agent:Mozilla/4.0 (compatible; Win32; WinHttp.WinHttpRequest.5)}}');
INSERT INTO events VALUES(208,49,'s.hense@tuta.io','2020-06-30 08:56:26.2635868+00:00','Email Opened','{payload:{rid:[Vu2MP6S]},browser:{address:127.0.0.1,user-agent:Mozilla/5.0 (Windows NT 10.0; Win64; x64) AppleWebKit/537.36 (KHTML, like Gecko) Chrome/83.0.4103.106 Safari/537.36}}');
INSERT INTO events VALUES(209,50,'','2020-06-30 13:16:52.6044887+00:00','Campaign Created','');
INSERT INTO events VALUES(210,50,'s.hense@tuta.io','2020-06-30 13:16:54.5485045+00:00','Email Sent','');
INSERT INTO events VALUES(211,50,'s.hense@mlgruppe.de','2020-06-30 13:16:55.3249208+00:00','Email Sent','');
INSERT INTO events VALUES(212,50,'s.hense@mlgruppe.de','2020-06-30 13:16:59.1121718+00:00','Email Opened','{payload:{rid:[fIoz4oQ]},browser:{address:127.0.0.1,user-agent:Mozilla/5.0 (Windows NT 10.0; Win64; x64) AppleWebKit/537.36 (KHTML, like Gecko) Chrome/83.0.4103.106 Safari/537.36}}');
INSERT INTO events VALUES(213,50,'s.hense@mlgruppe.de','2020-06-30 13:28:21.129352+00:00','Clicked Link','{payload:{rid:[fIoz4oQ]},browser:{address:127.0.0.1,user-agent:Mozilla/5.0 (Windows NT 10.0; Win64; x64) AppleWebKit/537.36 (KHTML, like Gecko) Chrome/83.0.4103.106 Safari/537.36}}');
INSERT INTO events VALUES(214,50,'s.hense@mlgruppe.de','2020-06-30 13:29:08.6298383+00:00','WORD Opened','{payload:{rid:[fIoz4oQ]},browser:{address:127.0.0.1,user-agent:Mozilla/4.0 (compatible; Win32; WinHttp.WinHttpRequest.5)}}');
INSERT INTO events VALUES(215,50,'s.hense@tuta.io','2020-06-30 13:31:06.6082759+00:00','Email Opened','{payload:{rid:[0JFUU8M]},browser:{address:127.0.0.1,user-agent:Mozilla/5.0 (Windows NT 10.0; Win64; x64) AppleWebKit/537.36 (KHTML, like Gecko) Chrome/83.0.4103.106 Safari/537.36}}');
INSERT INTO events VALUES(216,50,'s.hense@mlgruppe.de','2020-06-30 13:36:50.2611428+00:00','Clicked Link','{payload:{rid:[fIoz4oQ]},browser:{address:127.0.0.1,user-agent:Mozilla/5.0 (Windows NT 10.0; Win64; x64) AppleWebKit/537.36 (KHTML, like Gecko) Chrome/83.0.4103.106 Safari/537.36}}');
INSERT INTO events VALUES(217,50,'s.hense@tuta.io','2020-06-30 13:40:47.1270728+00:00','Clicked Link','{payload:{rid:[0JFUU8M]},browser:{address:127.0.0.1,user-agent:Mozilla/5.0 (Windows NT 10.0; Win64; x64) AppleWebKit/537.36 (KHTML, like Gecko) Chrome/83.0.4103.106 Safari/537.36}}');
INSERT INTO events VALUES(218,51,'','2020-06-30 20:37:23.9124474+00:00','Campaign Created','');
INSERT INTO events VALUES(219,51,'s.hense@tuta.io','2020-06-30 20:37:27.5846332+00:00','Email Sent','');
INSERT INTO events VALUES(220,51,'s.hense@mlgruppe.de','2020-06-30 20:37:28.4938473+00:00','Email Sent','');
INSERT INTO events VALUES(221,51,'s.hense@mlgruppe.de','2020-06-30 20:45:49.1349109+00:00','Email Opened','{payload:{rid:[Yk86ca5]},browser:{address:127.0.0.1,user-agent:Mozilla/5.0 (Windows NT 10.0; Win64; x64) AppleWebKit/537.36 (KHTML, like Gecko) Chrome/83.0.4103.106 Safari/537.36}}');
INSERT INTO events VALUES(222,51,'s.hense@mlgruppe.de','2020-06-30 20:46:18.5507047+00:00','WORD Opened','{payload:{rid:[Yk86ca5]},browser:{address:127.0.0.1,user-agent:Mozilla/4.0 (compatible; Win32; WinHttp.WinHttpRequest.5)}}');
INSERT INTO events VALUES(223,51,'s.hense@tuta.io','2020-06-30 21:01:18.6051559+00:00','Clicked Link','{payload:{rid:[rzC82fI]},browser:{address:127.0.0.1,user-agent:Mozilla/5.0 (Windows NT 10.0; Win64; x64) AppleWebKit/537.36 (KHTML, like Gecko) Chrome/83.0.4103.106 Safari/537.36}}');
INSERT INTO events VALUES(224,51,'s.hense@tuta.io','2020-06-30 21:03:10.428763+00:00','WORD Opened','{payload:{rid:[rzC82fI]},browser:{address:127.0.0.1,user-agent:Mozilla/4.0 (compatible; Win32; WinHttp.WinHttpRequest.5)}}');
INSERT INTO events VALUES(225,51,'s.hense@mlgruppe.de','2020-06-30 21:38:56.5559076+00:00','Clicked Link','{payload:{rid:[Yk86ca5]},browser:{address:127.0.0.1,user-agent:Mozilla/5.0 (Windows NT 10.0; Win64; x64) AppleWebKit/537.36 (KHTML, like Gecko) Chrome/83.0.4103.106 Safari/537.36}}');
INSERT INTO events VALUES(226,51,'s.hense@tuta.io','2020-07-01 07:48:33.2692756+00:00','Email Opened','{payload:{rid:[rzC82fI]},browser:{address:127.0.0.1,user-agent:Mozilla/5.0 (Windows NT 10.0; Win64; x64) AppleWebKit/537.36 (KHTML, like Gecko) Chrome/83.0.4103.106 Safari/537.36}}');
INSERT INTO events VALUES(227,52,'','2020-07-01 09:36:31.1283442+00:00','Campaign Created','');
INSERT INTO events VALUES(228,52,'s.hense@tuta.io','2020-07-01 09:36:34.1759847+00:00','Email Sent','');
INSERT INTO events VALUES(229,52,'s.hense@mlgruppe.de','2020-07-01 09:36:35.2588567+00:00','Email Sent','');
INSERT INTO events VALUES(230,52,'s.hense@mlgruppe.de','2020-07-01 09:37:51.3579317+00:00','WORD Opened','{payload:{rid:[V8fYvUa]},browser:{address:127.0.0.1,user-agent:Mozilla/4.0 (compatible; Win32; WinHttp.WinHttpRequest.5)}}');
INSERT INTO events VALUES(231,53,'','2020-07-01 09:39:17.4534553+00:00','Campaign Created','');
INSERT INTO events VALUES(232,53,'s.hense@tuta.io','2020-07-01 09:39:19.4841325+00:00','Email Sent','');
INSERT INTO events VALUES(233,53,'s.hense@mlgruppe.de','2020-07-01 09:39:20.2284156+00:00','Email Sent','');
INSERT INTO events VALUES(234,53,'s.hense@mlgruppe.de','2020-07-01 09:39:25.3478297+00:00','Email Opened','{payload:{rid:[idIpQCN]},browser:{address:127.0.0.1,user-agent:Mozilla/5.0 (Windows NT 10.0; Win64; x64) AppleWebKit/537.36 (KHTML, like Gecko) Chrome/83.0.4103.116 Safari/537.36}}');
INSERT INTO events VALUES(235,53,'s.hense@mlgruppe.de','2020-07-01 09:40:24.5869474+00:00','WORD Opened','{payload:{rid:[idIpQCN]},browser:{address:127.0.0.1,user-agent:Mozilla/4.0 (compatible; Win32; WinHttp.WinHttpRequest.5)}}');
INSERT INTO events VALUES(236,54,'','2020-07-01 12:28:31.9693003+00:00','Campaign Created','');
INSERT INTO events VALUES(237,54,'s.hense@tuta.io','2020-07-01 12:28:33.9736331+00:00','Email Sent','');
INSERT INTO events VALUES(238,54,'s.hense@mlgruppe.de','2020-07-01 12:28:34.143191+00:00','Email Sent','');
INSERT INTO events VALUES(239,54,'s.hense@mlgruppe.de','2020-07-01 12:28:46.8142813+00:00','Email Opened','{payload:{rid:[Dx7hqtg]},browser:{address:127.0.0.1,user-agent:Mozilla/5.0 (Windows NT 10.0; Win64; x64) AppleWebKit/537.36 (KHTML, like Gecko) Chrome/83.0.4103.116 Safari/537.36}}');
INSERT INTO events VALUES(240,54,'s.hense@mlgruppe.de','2020-07-01 12:29:11.5357762+00:00','Clicked Link','{payload:{rid:[Dx7hqtg]},browser:{address:127.0.0.1,user-agent:Mozilla/5.0 (Windows NT 10.0; Win64; x64) AppleWebKit/537.36 (KHTML, like Gecko) Chrome/83.0.4103.116 Safari/537.36}}');
INSERT INTO events VALUES(241,46,'s.hense@mlgruppe.de','2020-07-01 17:31:59.9299406+00:00','WORD Opened','{payload:{rid:[Qpo1a24]},browser:{address:127.0.0.1,user-agent:Mozilla/4.0 (compatible; Win32; WinHttp.WinHttpRequest.5)}}');
INSERT INTO events VALUES(242,55,'','2020-07-20 07:06:10.0754929+00:00','Campaign Created','');
INSERT INTO events VALUES(243,55,'s.hense@tuta.io','2020-07-20 07:06:13.0841627+00:00','Email Sent','');
INSERT INTO events VALUES(244,55,'s.hense@mlgruppe.de','2020-07-20 07:06:13.8286951+00:00','Email Sent','');
INSERT INTO events VALUES(245,55,'s.hense@tuta.io','2020-07-20 07:10:34.2645511+00:00','WORD Opened','{payload:{rid:[hYjGk80]},browser:{address:127.0.0.1,user-agent:Mozilla/4.0 (compatible; Win32; WinHttp.WinHttpRequest.5)}}');
INSERT INTO events VALUES(246,55,'s.hense@mlgruppe.de','2020-07-20 07:23:45.4771914+00:00','WORD Opened','{payload:{rid:[yXlF73Z]},browser:{address:127.0.0.1,user-agent:Mozilla/4.0 (compatible; Win32; WinHttp.WinHttpRequest.5)}}');
INSERT INTO events VALUES(247,55,'s.hense@mlgruppe.de','2020-07-20 07:43:29.1779736+00:00','WORD Opened','{payload:{rid:[yXlF73Z]},browser:{address:127.0.0.1,user-agent:Mozilla/4.0 (compatible; Win32; WinHttp.WinHttpRequest.5)}}');
INSERT INTO events VALUES(248,56,'','2020-07-20 07:52:36.5452145+00:00','Campaign Created','');
INSERT INTO events VALUES(249,56,'s.hense@tuta.io','2020-07-20 07:52:37.8577614+00:00','Email Sent','');
INSERT INTO events VALUES(250,56,'s.hense@mlgruppe.de','2020-07-20 07:52:38.9448257+00:00','Email Sent','');
INSERT INTO events VALUES(251,56,'s.hense@tuta.io','2020-07-20 07:54:07.3462114+00:00','WORD Opened','{payload:{rid:[S3unE2A]},browser:{address:127.0.0.1,user-agent:Mozilla/4.0 (compatible; Win32; WinHttp.WinHttpRequest.5)}}');
INSERT INTO events VALUES(252,56,'s.hense@tuta.io','2020-07-20 08:16:10.2419491+00:00','WORD Opened','{payload:{rid:[S3unE2A]},browser:{address:127.0.0.1,user-agent:Mozilla/4.0 (compatible; Win32; WinHttp.WinHttpRequest.5)}}');
INSERT INTO events VALUES(253,56,'s.hense@tuta.io','2020-07-20 08:16:39.4474977+00:00','WORD Opened','{payload:{rid:[S3unE2A]},browser:{address:127.0.0.1,user-agent:Mozilla/4.0 (compatible; Win32; WinHttp.WinHttpRequest.5)}}');
INSERT INTO events VALUES(254,56,'s.hense@mlgruppe.de','2020-07-20 08:18:50.62977+00:00','WORD Opened','{payload:{rid:[D7fvkuJ]},browser:{address:127.0.0.1,user-agent:Mozilla/4.0 (compatible; Win32; WinHttp.WinHttpRequest.5)}}');
INSERT INTO events VALUES(255,56,'s.hense@tuta.io','2020-07-20 12:43:37.0358692+00:00','WORD Opened','{payload:{rid:[S3unE2A]},browser:{address:127.0.0.1,user-agent:Mozilla/4.0 (compatible; Win32; WinHttp.WinHttpRequest.5)}}');
INSERT INTO events VALUES(256,57,'','2020-07-20 12:47:56.8724707+00:00','Campaign Created','');
INSERT INTO events VALUES(257,57,'s.hense@tuta.io','2020-07-20 12:47:58.5085967+00:00','Email Sent','');
INSERT INTO events VALUES(258,57,'s.hense@mlgruppe.de','2020-07-20 12:47:59.4486502+00:00','Email Sent','');
INSERT INTO events VALUES(259,57,'s.hense@tuta.io','2020-07-20 12:48:40.5617481+00:00','WORD Opened','{payload:{rid:[ZVQJi1v]},browser:{address:127.0.0.1,user-agent:Mozilla/4.0 (compatible; Win32; WinHttp.WinHttpRequest.5)}}');
INSERT INTO events VALUES(260,57,'s.hense@mlgruppe.de','2020-07-20 12:50:49.3821127+00:00','WORD Opened','{payload:{rid:[iCqGApR]},browser:{address:127.0.0.1,user-agent:Mozilla/4.0 (compatible; Win32; WinHttp.WinHttpRequest.5)}}');
INSERT INTO events VALUES(261,58,'','2020-07-20 12:52:46.6374321+00:00','Campaign Created','');
INSERT INTO events VALUES(262,58,'s.hense@tuta.io','2020-07-20 12:52:48.0330733+00:00','Email Sent','');
INSERT INTO events VALUES(263,58,'s.hense@mlgruppe.de','2020-07-20 12:52:48.8857176+00:00','Email Sent','');
INSERT INTO events VALUES(264,59,'','2020-07-20 13:29:02.6632772+00:00','Campaign Created','');
INSERT INTO events VALUES(265,59,'s.hense@tuta.io','2020-07-20 13:29:04.1048411+00:00','Email Sent','');
INSERT INTO events VALUES(266,59,'s.hense@mlgruppe.de','2020-07-20 13:29:05.2071356+00:00','Email Sent','');
INSERT INTO events VALUES(267,60,'','2020-07-20 13:34:14.8674285+00:00','Campaign Created','');
INSERT INTO events VALUES(268,60,'s.hense@tuta.io','2020-07-20 13:34:16.1155203+00:00','Email Sent','');
INSERT INTO events VALUES(269,60,'s.hense@mlgruppe.de','2020-07-20 13:34:17.1642228+00:00','Email Sent','');
INSERT INTO events VALUES(270,60,'s.hense@tuta.io','2020-07-20 13:34:51.3142443+00:00','WORD Opened','{payload:{rid:[we1d8lr]},browser:{address:127.0.0.1,user-agent:Mozilla/4.0 (compatible; Win32; WinHttp.WinHttpRequest.5)}}');
INSERT INTO events VALUES(271,61,'','2020-07-20 13:36:53.0895973+00:00','Campaign Created','');
INSERT INTO events VALUES(272,61,'s.hense@tuta.io','2020-07-20 13:36:54.3202194+00:00','Email Sent','');
INSERT INTO events VALUES(273,61,'s.hense@mlgruppe.de','2020-07-20 13:36:55.4425754+00:00','Email Sent','');
INSERT INTO events VALUES(274,61,'s.hense@tuta.io','2020-07-20 13:37:24.3916592+00:00','WORD Opened','{payload:{rid:[6lbOFms]},browser:{address:127.0.0.1,user-agent:Mozilla/4.0 (compatible; Win32; WinHttp.WinHttpRequest.5)}}');
INSERT INTO events VALUES(275,61,'s.hense@tuta.io','2020-07-20 14:30:07.6920261+00:00','WORD Opened','{payload:{rid:[6lbOFms]},browser:{address:127.0.0.1,user-agent:Mozilla/4.0 (compatible; Win32; WinHttp.WinHttpRequest.5)}}');
INSERT INTO events VALUES(276,60,'s.hense@tuta.io','2020-07-20 14:33:20.98922+00:00','WORD Opened','{payload:{rid:[we1d8lr]},browser:{address:127.0.0.1,user-agent:Mozilla/4.0 (compatible; Win32; WinHttp.WinHttpRequest.5)}}');
INSERT INTO events VALUES(277,61,'s.hense@tuta.io','2020-07-21 05:46:13.4517168+00:00','WORD Opened','{payload:{rid:[6lbOFms]},browser:{address:127.0.0.1,user-agent:Mozilla/4.0 (compatible; Win32; WinHttp.WinHttpRequest.5)}}');
INSERT INTO events VALUES(278,62,'','2020-07-21 05:48:36.5910445+00:00','Campaign Created','');
INSERT INTO events VALUES(279,62,'s.hense@tuta.io','2020-07-21 05:48:40.0344816+00:00','Email Sent','');
INSERT INTO events VALUES(280,62,'s.hense@mlgruppe.de','2020-07-21 05:48:40.6926007+00:00','Email Sent','');
INSERT INTO events VALUES(281,62,'s.hense@tuta.io','2020-07-21 05:49:05.31943+00:00','WORD Opened','{payload:{rid:[JwlkLXU]},browser:{address:127.0.0.1,user-agent:Mozilla/4.0 (compatible; Win32; WinHttp.WinHttpRequest.5)}}');
INSERT INTO events VALUES(282,62,'s.hense@tuta.io','2020-07-21 06:06:06.5257574+00:00','WORD Opened','{payload:{rid:[JwlkLXU]},browser:{address:127.0.0.1,user-agent:Mozilla/4.0 (compatible; Win32; WinHttp.WinHttpRequest.5)}}');
INSERT INTO events VALUES(283,61,'s.hense@tuta.io','2020-07-21 06:08:32.6090798+00:00','WORD Opened','{payload:{rid:[6lbOFms]},browser:{address:127.0.0.1,user-agent:Mozilla/4.0 (compatible; Win32; WinHttp.WinHttpRequest.5)}}');
INSERT INTO events VALUES(284,63,'','2020-07-21 08:21:01.8841443+00:00','Campaign Created','');
INSERT INTO events VALUES(285,63,'s.hense@tuta.io','2020-07-21 08:21:04.3443609+00:00','Email Sent','');
INSERT INTO events VALUES(286,63,'s.hense@mlgruppe.de','2020-07-21 08:21:05.4404831+00:00','Email Sent','');
INSERT INTO events VALUES(287,63,'s.hense@tuta.io','2020-07-21 08:23:18.0393107+00:00','WORD Opened','{payload:{rid:[vZZxo0C]},browser:{address:127.0.0.1,user-agent:Mozilla/4.0 (compatible; Win32; WinHttp.WinHttpRequest.5)}}');
INSERT INTO events VALUES(288,63,'s.hense@mlgruppe.de','2020-07-21 08:24:20.3783998+00:00','WORD Opened','{payload:{rid:[URxnVKa]},browser:{address:127.0.0.1,user-agent:Mozilla/4.0 (compatible; Win32; WinHttp.WinHttpRequest.5)}}');
INSERT INTO events VALUES(289,64,'','2020-07-21 09:45:53.3242576+00:00','Campaign Created','');
INSERT INTO events VALUES(290,64,'s.hense@tuta.io','2020-07-21 09:45:55.3691565+00:00','Email Sent','');
INSERT INTO events VALUES(291,64,'s.hense@mlgruppe.de','2020-07-21 09:45:57.213668+00:00','Email Sent','');
INSERT INTO events VALUES(292,65,'','2020-07-21 09:52:56.481894+00:00','Campaign Created','');
INSERT INTO events VALUES(293,65,'s.hense@tuta.io','2020-07-21 09:52:57.6371829+00:00','Email Sent','');
INSERT INTO events VALUES(294,65,'s.hense@mlgruppe.de','2020-07-21 09:52:58.3037925+00:00','Email Sent','');
INSERT INTO events VALUES(295,66,'','2020-07-21 09:55:12.3948709+00:00','Campaign Created','');
INSERT INTO events VALUES(296,66,'s.hense@tuta.io','2020-07-21 09:55:13.5313208+00:00','Email Sent','');
INSERT INTO events VALUES(297,66,'s.hense@mlgruppe.de','2020-07-21 09:55:14.5628598+00:00','Email Sent','');
INSERT INTO events VALUES(298,67,'','2020-07-21 10:17:27.2271708+00:00','Campaign Created','');
INSERT INTO events VALUES(299,67,'s.hense@tuta.io','2020-07-21 10:17:28.403452+00:00','Email Sent','');
INSERT INTO events VALUES(300,67,'s.hense@mlgruppe.de','2020-07-21 10:17:29.5116974+00:00','Email Sent','');
INSERT INTO events VALUES(301,68,'','2020-07-21 10:40:06.0576881+00:00','Campaign Created','');
INSERT INTO events VALUES(302,68,'s.hense@tuta.io','2020-07-21 10:40:06.6790187+00:00','Email Sent','');
INSERT INTO events VALUES(303,68,'s.hense@mlgruppe.de','2020-07-21 10:40:06.8372597+00:00','Email Sent','');
INSERT INTO events VALUES(304,67,'s.hense@mlgruppe.de','2020-07-21 10:42:14.2917505+00:00','WORD Opened','{payload:{rid:[AooHZgs]},browser:{address:127.0.0.1,user-agent:Mozilla/4.0 (compatible; Win32; WinHttp.WinHttpRequest.5)}}');
INSERT INTO events VALUES(305,67,'s.hense@mlgruppe.de','2020-07-21 10:43:48.8028476+00:00','Email Opened','{payload:{rid:[AooHZgs]},browser:{address:127.0.0.1,user-agent:Mozilla/5.0 (Windows NT 10.0; Win64; x64) AppleWebKit/537.36 (KHTML, like Gecko) Chrome/83.0.4103.116 Safari/537.36}}');
INSERT INTO events VALUES(306,67,'s.hense@mlgruppe.de','2020-07-21 10:44:55.1109677+00:00','Email Opened','{payload:{rid:[AooHZgs]},browser:{address:127.0.0.1,user-agent:Mozilla/5.0 (Windows NT 10.0; Win64; x64) AppleWebKit/537.36 (KHTML, like Gecko) Chrome/83.0.4103.116 Safari/537.36}}');
INSERT INTO events VALUES(307,66,'s.hense@tuta.io','2020-07-21 10:45:52.9200407+00:00','Email Opened','{payload:{rid:[fXJiaUh]},browser:{address:127.0.0.1,user-agent:Mozilla/5.0 (Windows NT 10.0; Win64; x64) AppleWebKit/537.36 (KHTML, like Gecko) Chrome/83.0.4103.116 Safari/537.36}}');
INSERT INTO events VALUES(308,69,'','2020-07-22 10:41:22.0677149+00:00','Campaign Created','');
INSERT INTO events VALUES(309,69,'cemmio@owlymail.com','2020-07-22 10:41:26.2554603+00:00','Email Sent','');
INSERT INTO events VALUES(310,69,'boclar@owlymail.com','2020-07-22 10:41:27.0212169+00:00','Email Sent','');
INSERT INTO events VALUES(311,69,'guinai@owlymail.com','2020-07-22 10:41:27.9259927+00:00','Email Sent','');
INSERT INTO events VALUES(312,69,'madkoa@owlymail.com','2020-07-22 10:41:29.0313577+00:00','Email Sent','');
INSERT INTO events VALUES(313,69,'alelacuf@boximail.com','2020-07-22 10:41:29.9054991+00:00','Email Sent','');
INSERT INTO events VALUES(314,69,'matukasa@robot-mail.com','2020-07-22 10:41:30.5916536+00:00','Email Sent','');
INSERT INTO events VALUES(315,69,'lifulax@getnada.com','2020-07-22 10:41:31.3930773+00:00','Email Sent','');
INSERT INTO events VALUES(316,69,'pukob@inboxbear.com','2020-07-22 10:41:32.0940443+00:00','Email Sent','');
INSERT INTO events VALUES(317,69,'zetabu@inboxbear.com','2020-07-22 10:41:32.8593997+00:00','Email Sent','');
INSERT INTO events VALUES(318,69,'tafyta@inboxbear.com','2020-07-22 10:41:33.5713533+00:00','Email Sent','');
INSERT INTO events VALUES(319,69,'matukasa@robot-mail.com','2020-07-22 10:42:09.4404292+00:00','Email Opened','{payload:{rid:[1MthyoF]},browser:{address:127.0.0.1,user-agent:Mozilla/5.0 (Windows NT 10.0; Win64; x64) AppleWebKit/537.36 (KHTML, like Gecko) Chrome/83.0.4103.116 Safari/537.36}}');
INSERT INTO events VALUES(320,69,'madkoa@owlymail.com','2020-07-22 10:42:18.2337274+00:00','Email Opened','{payload:{rid:[nKHVBFX]},browser:{address:127.0.0.1,user-agent:Mozilla/5.0 (Windows NT 10.0; Win64; x64) AppleWebKit/537.36 (KHTML, like Gecko) Chrome/83.0.4103.116 Safari/537.36}}');
INSERT INTO events VALUES(321,69,'cemmio@owlymail.com','2020-07-22 10:43:57.1280811+00:00','Email Opened','{payload:{rid:[PH8z9M8]},browser:{address:127.0.0.1,user-agent:Mozilla/5.0 (Windows NT 10.0; Win64; x64) AppleWebKit/537.36 (KHTML, like Gecko) Chrome/83.0.4103.116 Safari/537.36}}');
INSERT INTO events VALUES(322,69,'matukasa@robot-mail.com','2020-07-22 10:47:00.2133275+00:00','WORD Opened','{payload:{rid:[1MthyoF]},browser:{address:127.0.0.1,user-agent:Mozilla/4.0 (compatible; Win32; WinHttp.WinHttpRequest.5)}}');
INSERT INTO events VALUES(323,69,'cemmio@owlymail.com','2020-07-22 10:48:21.7325185+00:00','WORD Opened','{payload:{rid:[PH8z9M8]},browser:{address:127.0.0.1,user-agent:Mozilla/4.0 (compatible; Win32; WinHttp.WinHttpRequest.5)}}');
INSERT INTO events VALUES(324,70,'','2020-11-04 11:57:09.653156+00:00','Campaign Created','');
INSERT INTO events VALUES(325,70,'s.hense@tuta.io','2020-11-04 11:57:12.284219+00:00','Email Sent','');
INSERT INTO events VALUES(326,70,'s.hense@mlgruppe.de','2020-11-04 11:57:14.0772323+00:00','Email Sent','');
INSERT INTO events VALUES(327,71,'','2020-11-04 12:28:56.5823605+00:00','Campaign Created','');
INSERT INTO events VALUES(328,72,'','2020-11-04 12:33:35.9944555+00:00','Campaign Created','');
INSERT INTO events VALUES(329,73,'','2020-11-04 12:37:50.5111019+00:00','Campaign Created','');
INSERT INTO events VALUES(330,74,'','2020-11-04 12:42:12.6472386+00:00','Campaign Created','');
INSERT INTO events VALUES(331,75,'','2020-11-04 12:52:30.9186249+00:00','Campaign Created','');
INSERT INTO events VALUES(332,76,'','2020-11-04 13:05:14.9185866+00:00','Campaign Created','');
INSERT INTO events VALUES(333,76,'s.hense@tuta.io','2020-11-04 13:05:16.0915606+00:00','Email Sent','');
INSERT INTO events VALUES(334,76,'s.hense@mlgruppe.de','2020-11-04 13:05:16.869645+00:00','Email Sent','');
INSERT INTO events VALUES(335,77,'','2020-11-04 13:31:26.9143246+00:00','Campaign Created','');
INSERT INTO events VALUES(336,77,'s.hense@tuta.io','2020-11-04 13:31:28.051324+00:00','Email Sent','');
INSERT INTO events VALUES(337,77,'s.hense@mlgruppe.de','2020-11-04 13:31:29.1167797+00:00','Email Sent','');
INSERT INTO events VALUES(338,78,'','2020-11-05 08:32:33.5804098+00:00','Campaign Created','');
INSERT INTO events VALUES(339,78,'s.hense@tuta.io','2020-11-05 08:32:36.2164721+00:00','Email Sent','');
INSERT INTO events VALUES(340,78,'s.hense@mlgruppe.de','2020-11-05 08:32:36.9623312+00:00','Email Sent','');
INSERT INTO events VALUES(341,79,'','2020-11-05 10:21:41.6891024+00:00','Campaign Created','');
INSERT INTO events VALUES(342,79,'s.hense@tuta.io','2020-11-05 10:21:43.3863246+00:00','Email Sent','');
INSERT INTO events VALUES(343,79,'s.hense@mlgruppe.de','2020-11-05 10:21:44.3774693+00:00','Email Sent','');
INSERT INTO events VALUES(344,80,'','2020-11-05 10:26:00.0475487+00:00','Campaign Created','');
INSERT INTO events VALUES(345,80,'s.hense@tuta.io','2020-11-05 10:26:01.3192673+00:00','Email Sent','');
INSERT INTO events VALUES(346,80,'s.hense@mlgruppe.de','2020-11-05 10:26:02.4976002+00:00','Email Sent','');
INSERT INTO events VALUES(347,80,'miami666@openmail.cc','2020-11-05 10:26:03.2092759+00:00','Email Sent','');
INSERT INTO events VALUES(348,81,'','2020-11-05 10:36:05.5929016+00:00','Campaign Created','');
INSERT INTO events VALUES(349,81,'s.hense@tuta.io','2020-11-05 10:36:07.0516439+00:00','Email Sent','');
INSERT INTO events VALUES(350,81,'s.hense@mlgruppe.de','2020-11-05 10:36:08.067078+00:00','Email Sent','');
INSERT INTO events VALUES(351,81,'miami666@openmail.cc','2020-11-05 10:36:09.0482737+00:00','Email Sent','');
INSERT INTO events VALUES(352,82,'','2020-11-05 10:39:16.6250025+00:00','Campaign Created','');
INSERT INTO events VALUES(353,82,'s.hense@tuta.io','2020-11-05 10:39:17.8890256+00:00','Email Sent','');
INSERT INTO events VALUES(354,82,'s.hense@mlgruppe.de','2020-11-05 10:39:18.9185487+00:00','Email Sent','');
INSERT INTO events VALUES(355,82,'miami666@openmail.cc','2020-11-05 10:39:19.9507916+00:00','Email Sent','');
INSERT INTO events VALUES(356,83,'','2020-11-05 10:44:10.0664133+00:00','Campaign Created','');
INSERT INTO events VALUES(357,83,'s.hense@tuta.io','2020-11-05 10:44:11.8964557+00:00','Email Sent','');
INSERT INTO events VALUES(358,83,'s.hense@mlgruppe.de','2020-11-05 10:44:13.0451851+00:00','Email Sent','');
INSERT INTO events VALUES(359,83,'miami666@openmail.cc','2020-11-05 10:44:13.8501537+00:00','Email Sent','');
INSERT INTO events VALUES(360,84,'','2020-11-05 10:50:24.1014614+00:00','Campaign Created','');
INSERT INTO events VALUES(361,84,'s.hense@tuta.io','2020-11-05 10:50:25.4058962+00:00','Email Sent','');
INSERT INTO events VALUES(362,84,'s.hense@mlgruppe.de','2020-11-05 10:50:26.5576683+00:00','Email Sent','');
INSERT INTO events VALUES(363,84,'miami666@openmail.cc','2020-11-05 10:50:27.5636508+00:00','Email Sent','');
INSERT INTO events VALUES(364,85,'','2020-11-05 11:06:41.903039+00:00','Campaign Created','');
INSERT INTO events VALUES(365,85,'s.hense@tuta.io','2020-11-05 11:06:43.3919112+00:00','Email Sent','');
INSERT INTO events VALUES(366,85,'s.hense@mlgruppe.de','2020-11-05 11:06:44.5274107+00:00','Email Sent','');
INSERT INTO events VALUES(367,85,'miami666@openmail.cc','2020-11-05 11:06:45.4031214+00:00','Email Sent','');
INSERT INTO events VALUES(368,86,'','2020-11-05 11:10:53.477374+00:00','Campaign Created','');
INSERT INTO events VALUES(369,86,'s.hense@tuta.io','2020-11-05 11:15:16.4775609+00:00','Email Sent','');
INSERT INTO events VALUES(370,86,'s.hense@mlgruppe.de','2020-11-05 11:20:16.4486036+00:00','Email Sent','');
INSERT INTO events VALUES(371,86,'miami666@openmail.cc','2020-11-05 11:25:16.6612876+00:00','Email Sent','');
INSERT INTO events VALUES(372,71,'s.hense@tuta.io','2020-11-05 12:28:17.3199202+00:00','Email Sent','');
INSERT INTO events VALUES(373,71,'s.hense@mlgruppe.de','2020-11-05 12:28:18.3736691+00:00','Email Sent','');
INSERT INTO events VALUES(374,72,'s.hense@tuta.io','2020-11-05 12:32:16.5338174+00:00','Email Sent','');
INSERT INTO events VALUES(375,72,'s.hense@mlgruppe.de','2020-11-05 12:32:17.5828058+00:00','Email Sent','');
INSERT INTO events VALUES(376,73,'s.hense@tuta.io','2020-11-05 12:37:16.9042425+00:00','Email Sent','');
INSERT INTO events VALUES(377,73,'s.hense@mlgruppe.de','2020-11-05 12:37:17.9893496+00:00','Email Sent','');
INSERT INTO events VALUES(378,75,'s.hense@tuta.io','2020-11-06 13:09:54.6974738+00:00','Email Sent','');
INSERT INTO events VALUES(379,74,'s.hense@tuta.io','2020-11-06 13:09:55.0563699+00:00','Email Sent','');
INSERT INTO events VALUES(380,75,'s.hense@mlgruppe.de','2020-11-06 13:09:55.523332+00:00','Email Sent','');
INSERT INTO events VALUES(381,74,'s.hense@mlgruppe.de','2020-11-06 13:09:55.9977782+00:00','Email Sent','');
INSERT INTO events VALUES(382,87,'','2020-11-06 13:09:57.4925993+00:00','Campaign Created','');
INSERT INTO events VALUES(383,87,'s.hense@tuta.io','2020-11-06 14:01:07.3271504+00:00','Email Sent','');
INSERT INTO events VALUES(384,87,'s.hense@mlgruppe.de','2020-11-06 14:05:54.3660394+00:00','Email Sent','');
INSERT INTO events VALUES(385,87,'miami666@openmail.cc','2020-11-06 14:10:54.4121193+00:00','Email Sent','');
INSERT INTO events VALUES(386,88,'','2020-11-06 14:36:51.1610537+00:00','Campaign Created','');
INSERT INTO events VALUES(387,88,'s.hense@tuta.io','2020-11-06 15:00:45.290604+00:00','Email Sent','');
INSERT INTO events VALUES(388,88,'s.hense@mlgruppe.de','2020-11-06 15:05:45.4464766+00:00','Email Sent','');
INSERT INTO events VALUES(389,88,'miami666@openmail.cc','2020-11-06 15:10:45.3954413+00:00','Email Sent','');
INSERT INTO events VALUES(390,88,'s.hense@mlgruppe.de','2020-11-09 15:12:51.6815652+00:00','WORD Opened','{payload:{rid:[llnnBeM]},browser:{address:127.0.0.1,user-agent:Mozilla/4.0 (compatible; Win32; WinHttp.WinHttpRequest.5)}}');
INSERT INTO events VALUES(391,87,'s.hense@mlgruppe.de','2020-11-09 22:51:54.8510748+00:00','WORD Opened','{payload:{rid:[rzslsPP]},browser:{address:127.0.0.1,user-agent:Mozilla/4.0 (compatible; Win32; WinHttp.WinHttpRequest.5)}}');
INSERT INTO events VALUES(392,87,'s.hense@mlgruppe.de','2020-11-09 22:57:48.336931+00:00','WORD Opened','{payload:{rid:[rzslsPP]},browser:{address:127.0.0.1,user-agent:Mozilla/4.0 (compatible; Win32; WinHttp.WinHttpRequest.5)}}');
INSERT INTO events VALUES(393,87,'s.hense@mlgruppe.de','2020-11-09 22:59:58.0284702+00:00','WORD Opened','{payload:{rid:[rzslsPP]},browser:{address:127.0.0.1,user-agent:Mozilla/4.0 (compatible; Win32; WinHttp.WinHttpRequest.5)}}');
INSERT INTO events VALUES(394,88,'s.hense@mlgruppe.de','2020-11-09 23:11:00.4929995+00:00','WORD Opened','{payload:{rid:[llnnBeM]},browser:{address:127.0.0.1,user-agent:Mozilla/4.0 (compatible; Win32; WinHttp.WinHttpRequest.5)}}');
INSERT INTO events VALUES(395,87,'s.hense@mlgruppe.de','2020-11-09 23:11:12.2707386+00:00','WORD Opened','{payload:{rid:[rzslsPP]},browser:{address:127.0.0.1,user-agent:Mozilla/4.0 (compatible; Win32; WinHttp.WinHttpRequest.5)}}');
INSERT INTO events VALUES(396,87,'s.hense@mlgruppe.de','2020-11-09 23:14:38.5875805+00:00','WORD Opened','{payload:{rid:[rzslsPP]},browser:{address:127.0.0.1,user-agent:Mozilla/4.0 (compatible; Win32; WinHttp.WinHttpRequest.5)}}');
INSERT INTO events VALUES(397,88,'s.hense@mlgruppe.de','2020-11-09 23:16:33.9464191+00:00','WORD Opened','{payload:{rid:[llnnBeM]},browser:{address:127.0.0.1,user-agent:Mozilla/4.0 (compatible; Win32; WinHttp.WinHttpRequest.5)}}');
INSERT INTO events VALUES(398,87,'s.hense@mlgruppe.de','2020-11-09 23:16:48.7329431+00:00','WORD Opened','{payload:{rid:[rzslsPP]},browser:{address:127.0.0.1,user-agent:Mozilla/4.0 (compatible; Win32; WinHttp.WinHttpRequest.5)}}');
INSERT INTO events VALUES(399,87,'s.hense@mlgruppe.de','2020-11-09 23:49:19.4133944+00:00','WORD Opened','{payload:{rid:[rzslsPP]},browser:{address:127.0.0.1,user-agent:Mozilla/4.0 (compatible; Win32; WinHttp.WinHttpRequest.5)}}');
INSERT INTO events VALUES(400,88,'s.hense@mlgruppe.de','2020-11-09 23:59:17.8966428+00:00','WORD Opened','{payload:{rid:[llnnBeM]},browser:{address:127.0.0.1,user-agent:Mozilla/4.0 (compatible; Win32; WinHttp.WinHttpRequest.5)}}');
INSERT INTO events VALUES(401,88,'s.hense@mlgruppe.de','2020-11-10 00:03:35.9329157+00:00','WORD Opened','{payload:{rid:[llnnBeM]},browser:{address:127.0.0.1,user-agent:Mozilla/4.0 (compatible; Win32; WinHttp.WinHttpRequest.5)}}');
INSERT INTO events VALUES(402,88,'s.hense@mlgruppe.de','2020-11-10 00:22:06.7367074+00:00','WORD Opened','{payload:{rid:[llnnBeM]},browser:{address:127.0.0.1,user-agent:Mozilla/4.0 (compatible; Win32; WinHttp.WinHttpRequest.5)}}');
INSERT INTO events VALUES(403,88,'s.hense@mlgruppe.de','2020-11-10 00:38:50.8467475+00:00','WORD Opened','{payload:{rid:[llnnBeM]},browser:{address:127.0.0.1,user-agent:Mozilla/4.0 (compatible; Win32; WinHttp.WinHttpRequest.5)}}');
INSERT INTO events VALUES(404,88,'s.hense@mlgruppe.de','2020-11-10 00:59:07.879791+00:00','WORD Opened','{payload:{rid:[llnnBeM]},browser:{address:127.0.0.1,user-agent:Mozilla/4.0 (compatible; Win32; WinHttp.WinHttpRequest.5)}}');
INSERT INTO events VALUES(405,88,'s.hense@mlgruppe.de','2020-11-10 01:19:12.5999176+00:00','WORD Opened','{payload:{rid:[llnnBeM]},browser:{address:127.0.0.1,user-agent:Mozilla/4.0 (compatible; Win32; WinHttp.WinHttpRequest.5)}}');
INSERT INTO events VALUES(406,88,'s.hense@mlgruppe.de','2020-11-10 01:23:44.2887782+00:00','WORD Opened','{payload:{rid:[llnnBeM]},browser:{address:127.0.0.1,user-agent:Mozilla/4.0 (compatible; Win32; WinHttp.WinHttpRequest.5)}}');
INSERT INTO events VALUES(407,87,'s.hense@mlgruppe.de','2020-11-10 01:33:04.6482438+00:00','WORD Opened','{payload:{rid:[rzslsPP]},browser:{address:127.0.0.1,user-agent:Mozilla/4.0 (compatible; Win32; WinHttp.WinHttpRequest.5)}}');
INSERT INTO events VALUES(408,87,'s.hense@mlgruppe.de','2020-11-10 01:33:35.1311111+00:00','WORD Opened','{payload:{rid:[rzslsPP]},browser:{address:127.0.0.1,user-agent:Mozilla/4.0 (compatible; Win32; WinHttp.WinHttpRequest.5)}}');
INSERT INTO events VALUES(409,87,'s.hense@mlgruppe.de','2020-11-10 01:39:05.7715124+00:00','WORD Opened','{payload:{rid:[rzslsPP]},browser:{address:127.0.0.1,user-agent:Mozilla/4.0 (compatible; Win32; WinHttp.WinHttpRequest.5)}}');
INSERT INTO events VALUES(410,87,'s.hense@mlgruppe.de','2020-11-10 01:54:54.7086733+00:00','WORD Opened','{payload:{rid:[rzslsPP]},browser:{address:127.0.0.1,user-agent:Mozilla/4.0 (compatible; Win32; WinHttp.WinHttpRequest.5)}}');
INSERT INTO events VALUES(411,74,'s.hense@mlgruppe.de','2020-11-10 02:01:16.0103565+00:00','WORD Opened','{payload:{rid:[FGd0e4e]},browser:{address:127.0.0.1,user-agent:Mozilla/4.0 (compatible; Win32; WinHttp.WinHttpRequest.5)}}');
INSERT INTO events VALUES(412,74,'s.hense@mlgruppe.de','2020-11-10 02:09:54.2575974+00:00','WORD Opened','{payload:{rid:[FGd0e4e]},browser:{address:127.0.0.1,user-agent:Mozilla/4.0 (compatible; Win32; WinHttp.WinHttpRequest.5)}}');
INSERT INTO events VALUES(413,74,'s.hense@mlgruppe.de','2020-11-10 02:10:54.6433226+00:00','WORD Opened','{payload:{rid:[FGd0e4e]},browser:{address:127.0.0.1,user-agent:Mozilla/4.0 (compatible; Win32; WinHttp.WinHttpRequest.5)}}');
INSERT INTO events VALUES(414,74,'s.hense@mlgruppe.de','2020-11-10 02:32:01.9770759+00:00','WORD Opened','{payload:{rid:[FGd0e4e]},browser:{address:127.0.0.1,user-agent:Mozilla/4.0 (compatible; Win32; WinHttp.WinHttpRequest.5)}}');
INSERT INTO events VALUES(415,74,'s.hense@mlgruppe.de','2020-11-10 02:47:12.2853973+00:00','WORD Opened','{payload:{rid:[FGd0e4e]},browser:{address:127.0.0.1,user-agent:Mozilla/4.0 (compatible; Win32; WinHttp.WinHttpRequest.5)}}');
INSERT INTO events VALUES(416,74,'s.hense@mlgruppe.de','2020-11-10 02:52:25.8720937+00:00','WORD Opened','{payload:{rid:[FGd0e4e]},browser:{address:127.0.0.1,user-agent:Mozilla/4.0 (compatible; Win32; WinHttp.WinHttpRequest.5)}}');
INSERT INTO events VALUES(417,74,'s.hense@mlgruppe.de','2020-11-10 03:02:29.4905798+00:00','WORD Opened','{payload:{rid:[FGd0e4e]},browser:{address:127.0.0.1,user-agent:Mozilla/4.0 (compatible; Win32; WinHttp.WinHttpRequest.5)}}');
INSERT INTO events VALUES(418,74,'s.hense@mlgruppe.de','2020-11-10 03:06:29.8538651+00:00','WORD Opened','{payload:{rid:[FGd0e4e]},browser:{address:127.0.0.1,user-agent:Mozilla/4.0 (compatible; Win32; WinHttp.WinHttpRequest.5)}}');
INSERT INTO events VALUES(419,74,'s.hense@mlgruppe.de','2020-11-10 03:08:49.5418674+00:00','WORD Opened','{payload:{rid:[FGd0e4e]},browser:{address:127.0.0.1,user-agent:Mozilla/4.0 (compatible; Win32; WinHttp.WinHttpRequest.5)}}');
INSERT INTO events VALUES(420,74,'s.hense@mlgruppe.de','2020-11-10 03:20:19.7588654+00:00','WORD Opened','{payload:{rid:[FGd0e4e]},browser:{address:127.0.0.1,user-agent:Mozilla/4.0 (compatible; Win32; WinHttp.WinHttpRequest.5)}}');
INSERT INTO events VALUES(421,74,'s.hense@mlgruppe.de','2020-11-10 03:27:27.0427674+00:00','WORD Opened','{payload:{rid:[FGd0e4e]},browser:{address:127.0.0.1,user-agent:Mozilla/4.0 (compatible; Win32; WinHttp.WinHttpRequest.5)}}');
INSERT INTO events VALUES(422,74,'s.hense@mlgruppe.de','2020-11-10 03:34:52.8614629+00:00','WORD Opened','{payload:{rid:[FGd0e4e]},browser:{address:127.0.0.1,user-agent:Mozilla/4.0 (compatible; Win32; WinHttp.WinHttpRequest.5)}}');
INSERT INTO events VALUES(423,74,'s.hense@mlgruppe.de','2020-11-10 04:37:54.9824791+00:00','WORD Opened','{payload:{rid:[FGd0e4e]},browser:{address:127.0.0.1,user-agent:Mozilla/4.0 (compatible; Win32; WinHttp.WinHttpRequest.5)}}');
INSERT INTO events VALUES(424,74,'s.hense@mlgruppe.de','2020-11-10 04:39:14.6693596+00:00','WORD Opened','{payload:{rid:[FGd0e4e]},browser:{address:127.0.0.1,user-agent:Mozilla/4.0 (compatible; Win32; WinHttp.WinHttpRequest.5)}}');
INSERT INTO events VALUES(425,74,'s.hense@mlgruppe.de','2020-11-10 05:15:05.9894144+00:00','WORD Opened','{payload:{rid:[FGd0e4e]},browser:{address:127.0.0.1,user-agent:Mozilla/4.0 (compatible; Win32; WinHttp.WinHttpRequest.5)}}');
INSERT INTO events VALUES(426,74,'s.hense@mlgruppe.de','2020-11-10 05:19:38.9515068+00:00','WORD Opened','{payload:{rid:[FGd0e4e]},browser:{address:127.0.0.1,user-agent:Mozilla/4.0 (compatible; Win32; WinHttp.WinHttpRequest.5)}}');
INSERT INTO events VALUES(427,74,'s.hense@mlgruppe.de','2020-11-10 05:59:38.437056+00:00','WORD Opened','{payload:{rid:[FGd0e4e]},browser:{address:127.0.0.1,user-agent:Mozilla/4.0 (compatible; Win32; WinHttp.WinHttpRequest.5)}}');
INSERT INTO events VALUES(428,74,'s.hense@mlgruppe.de','2020-11-10 06:57:41.0326025+00:00','WORD Opened','{payload:{rid:[FGd0e4e]},browser:{address:127.0.0.1,user-agent:Mozilla/4.0 (compatible; Win32; WinHttp.WinHttpRequest.5)}}');
INSERT INTO events VALUES(429,75,'s.hense@mlgruppe.de','2020-11-10 08:00:55.5678368+00:00','WORD Opened','{payload:{rid:[jWRz9jZ]},browser:{address:127.0.0.1,user-agent:Mozilla/4.0 (compatible; Win32; WinHttp.WinHttpRequest.5)}}');
INSERT INTO events VALUES(430,75,'s.hense@mlgruppe.de','2020-11-10 08:10:23.6468605+00:00','WORD Opened','{payload:{rid:[jWRz9jZ]},browser:{address:127.0.0.1,user-agent:Mozilla/4.0 (compatible; Win32; WinHttp.WinHttpRequest.5)}}');
INSERT INTO events VALUES(431,88,'s.hense@mlgruppe.de','2020-11-10 08:19:06.7762216+00:00','WORD Opened','{payload:{rid:[llnnBeM]},browser:{address:127.0.0.1,user-agent:Mozilla/4.0 (compatible; Win32; WinHttp.WinHttpRequest.5)}}');
INSERT INTO events VALUES(432,89,'','2020-11-10 10:57:48.2002037+00:00','Campaign Created','');
INSERT INTO events VALUES(433,89,'s.hense@tuta.io','2020-11-10 11:00:59.0548633+00:00','Email Sent','');
INSERT INTO events VALUES(434,89,'s.hense@mlgruppe.de','2020-11-10 11:05:57.8386718+00:00','Email Sent','');
INSERT INTO events VALUES(435,89,'s.hense@mlgruppe.de','2020-11-10 11:08:49.7275135+00:00','WORD Opened','{payload:{rid:[53OBR7n]},browser:{address:127.0.0.1,user-agent:Mozilla/4.0 (compatible; Win32; WinHttp.WinHttpRequest.5)}}');
INSERT INTO events VALUES(436,89,'s.hense@mlgruppe.de','2020-11-10 11:10:05.6680472+00:00','WORD Opened','{payload:{rid:[53OBR7n]},browser:{address:127.0.0.1,user-agent:Mozilla/4.0 (compatible; Win32; WinHttp.WinHttpRequest.5)}}');
INSERT INTO events VALUES(437,89,'miami666@openmail.cc','2020-11-10 11:10:57.4967771+00:00','Email Sent','');
INSERT INTO events VALUES(438,89,'s.hense@mlgruppe.de','2020-11-10 11:11:56.3966429+00:00','WORD Opened','{payload:{rid:[53OBR7n]},browser:{address:127.0.0.1,user-agent:Mozilla/4.0 (compatible; Win32; WinHttp.WinHttpRequest.5)}}');
INSERT INTO events VALUES(439,90,'','2020-11-10 13:36:03.2701187+00:00','Campaign Created','');
INSERT INTO events VALUES(440,90,'s.hense@tuta.io','2020-11-10 13:40:16.2569617+00:00','Email Sent','');
INSERT INTO events VALUES(441,90,'s.hense@tuta.io','2020-11-10 13:42:04.4745757+00:00','WORD Opened','{payload:{rid:[vuZ7qkr]},browser:{address:127.0.0.1,user-agent:Mozilla/4.0 (compatible; Win32; WinHttp.WinHttpRequest.5)}}');
CREATE TABLE IF NOT EXISTS campaigns (id integer primary key auto_increment,user_id bigint,name varchar(255) NOT NULL ,created_date datetime,completed_date datetime,template_id bigint,page_id bigint,status varchar(255),url varchar(255) , smtp_id bigint, launch_date DATETIME, send_by_date DATETIME, cron_schedule varchar(255));
INSERT INTO campaigns VALUES(20,1,'test4','2020-06-23 06:53:48.6391228+00:00','0001-01-01 00:00:00+00:00',4,1,'In progress','',1,'2020-06-23 06:53:00+00:00','0001-01-01 00:00:00+00:00',NULL);
INSERT INTO campaigns VALUES(21,1,'5','2020-06-23 07:20:17.395004+00:00','0001-01-01 00:00:00+00:00',5,1,'In progress','http://127.0.0.1',1,'2020-06-23 07:19:00+00:00','0001-01-01 00:00:00+00:00',NULL);
INSERT INTO campaigns VALUES(22,1,'Campaign with doc tracking','2020-06-23 12:10:37.9550149+00:00','0001-01-01 00:00:00+00:00',6,1,'In progress','http://127.0.0.1',1,'2020-06-23 12:09:00+00:00','0001-01-01 00:00:00+00:00',NULL);
INSERT INTO campaigns VALUES(23,1,'Copy of Campaign with doc tracking','2020-06-23 12:44:51.3330456+00:00','0001-01-01 00:00:00+00:00',6,1,'In progress','http://127.0.0.1',1,'2020-06-23 12:44:00+00:00','0001-01-01 00:00:00+00:00',NULL);
INSERT INTO campaigns VALUES(24,1,'uschi_glas','2020-06-23 13:31:25.9073581+00:00','0001-01-01 00:00:00+00:00',6,1,'In progress','https://127.0.0.1',1,'2020-06-23 13:30:00+00:00','0001-01-01 00:00:00+00:00',NULL);
INSERT INTO campaigns VALUES(25,1,'24','2020-06-24 06:25:00.2412214+00:00','0001-01-01 00:00:00+00:00',7,1,'In progress','https://127.0.0.1',1,'2020-06-24 06:24:00+00:00','0001-01-01 00:00:00+00:00',NULL);
INSERT INTO campaigns VALUES(26,1,'25','2020-06-24 06:37:47.429506+00:00','0001-01-01 00:00:00+00:00',8,1,'In progress','http:127.0.0.1',1,'2020-06-24 06:37:00+00:00','0001-01-01 00:00:00+00:00',NULL);
INSERT INTO campaigns VALUES(27,1,'26','2020-06-24 07:12:16.0260908+00:00','0001-01-01 00:00:00+00:00',8,1,'In progress','http://127.0.0.1',1,'2020-06-24 07:11:00+00:00','0001-01-01 00:00:00+00:00',NULL);
INSERT INTO campaigns VALUES(28,1,'27','2020-06-24 07:39:23.6657297+00:00','0001-01-01 00:00:00+00:00',8,1,'In progress','http://127.0.0.1',1,'2020-06-24 07:39:00+00:00','0001-01-01 00:00:00+00:00',NULL);
INSERT INTO campaigns VALUES(29,1,'Copy of 27','2020-06-24 08:00:34.2621172+00:00','0001-01-01 00:00:00+00:00',8,1,'In progress','http://127.0.0.1',1,'2020-06-24 08:00:00+00:00','0001-01-01 00:00:00+00:00',NULL);
INSERT INTO campaigns VALUES(30,1,'Copy of Copy of 27','2020-06-24 08:22:33.6710103+00:00','0001-01-01 00:00:00+00:00',8,1,'In progress','http://127.0.0.1',1,'2020-06-24 08:22:00+00:00','0001-01-01 00:00:00+00:00',NULL);
INSERT INTO campaigns VALUES(31,1,'Copy of Copy of Copy of 27','2020-06-24 08:24:57.2832078+00:00','0001-01-01 00:00:00+00:00',8,1,'In progress','http://127.0.0.1',1,'2020-06-24 08:24:00+00:00','0001-01-01 00:00:00+00:00',NULL);
INSERT INTO campaigns VALUES(32,1,'666','2020-06-24 08:46:25.434538+00:00','0001-01-01 00:00:00+00:00',8,1,'In progress','http://127.0.0.1',1,'2020-06-24 08:46:00+00:00','0001-01-01 00:00:00+00:00',NULL);
INSERT INTO campaigns VALUES(33,1,'Copy of 666','2020-06-24 08:53:35.1759682+00:00','0001-01-01 00:00:00+00:00',8,1,'In progress','http://127.0.0.1',1,'2020-06-24 08:53:00+00:00','0001-01-01 00:00:00+00:00',NULL);
INSERT INTO campaigns VALUES(34,1,'69','2020-06-24 09:28:25.1304761+00:00','0001-01-01 00:00:00+00:00',9,1,'In progress','http://127.0.0.1',1,'2020-06-24 09:28:00+00:00','0001-01-01 00:00:00+00:00',NULL);
INSERT INTO campaigns VALUES(35,1,'69','2020-06-24 09:31:44.5930957+00:00','0001-01-01 00:00:00+00:00',9,1,'In progress','http://127.0.0.1',1,'2020-06-24 09:31:00+00:00','0001-01-01 00:00:00+00:00',NULL);
INSERT INTO campaigns VALUES(36,1,'s04','2020-06-24 09:42:49.033578+00:00','0001-01-01 00:00:00+00:00',10,1,'In progress','http://127.0.0.1',1,'2020-06-24 09:42:00+00:00','0001-01-01 00:00:00+00:00',NULL);
INSERT INTO campaigns VALUES(37,1,'j','2020-06-24 10:11:52.0640248+00:00','0001-01-01 00:00:00+00:00',11,1,'In progress','http://127.0.0.1',1,'2020-06-24 10:11:00+00:00','0001-01-01 00:00:00+00:00',NULL);
INSERT INTO campaigns VALUES(38,1,'Copy of j','2020-06-24 10:19:12.6381351+00:00','0001-01-01 00:00:00+00:00',11,1,'In progress','http://127.0.0.1',1,'2020-06-24 10:19:00+00:00','0001-01-01 00:00:00+00:00',NULL);
INSERT INTO campaigns VALUES(39,1,'Copy of Copy of j','2020-06-24 11:42:42.3683124+00:00','0001-01-01 00:00:00+00:00',11,1,'In progress','http://127.0.0.1',1,'2020-06-24 11:42:00+00:00','0001-01-01 00:00:00+00:00',NULL);
INSERT INTO campaigns VALUES(40,1,'Copy of Copy of Copy of j','2020-06-24 11:54:02.2981186+00:00','0001-01-01 00:00:00+00:00',11,1,'In progress','http://127.0.0.1',1,'2020-06-24 11:53:00+00:00','0001-01-01 00:00:00+00:00',NULL);
INSERT INTO campaigns VALUES(41,1,'Copy of Copy of Copy of Copy of j','2020-06-24 12:03:39.8569528+00:00','0001-01-01 00:00:00+00:00',11,1,'In progress','http://127.0.0.1',1,'2020-06-24 12:03:00+00:00','0001-01-01 00:00:00+00:00',NULL);
INSERT INTO campaigns VALUES(42,1,'Copy of Copy of Copy of Copy of Copy of j','2020-06-24 14:02:59.1820847+00:00','0001-01-01 00:00:00+00:00',11,1,'In progress','http://127.0.0.1',1,'2020-06-24 14:02:00+00:00','0001-01-01 00:00:00+00:00',NULL);
INSERT INTO campaigns VALUES(43,1,'Copy of Copy of Copy of Copy of Copy of Copy of j','2020-06-24 14:09:10.0596701+00:00','0001-01-01 00:00:00+00:00',11,1,'In progress','http://127.0.0.1',1,'2020-06-24 14:09:00+00:00','0001-01-01 00:00:00+00:00',NULL);
INSERT INTO campaigns VALUES(44,1,'neuer Test','2020-06-29 10:55:40.3584364+00:00','0001-01-01 00:00:00+00:00',11,1,'In progress','http://127.0.01',1,'2020-06-29 10:55:00+00:00','0001-01-01 00:00:00+00:00',NULL);
INSERT INTO campaigns VALUES(45,1,'Copy of neuer Test','2020-06-29 11:01:45.5688661+00:00','0001-01-01 00:00:00+00:00',11,1,'In progress','http://127.0.01',1,'2020-06-29 11:01:00+00:00','0001-01-01 00:00:00+00:00',NULL);
INSERT INTO campaigns VALUES(46,1,'Copy of Copy of neuer Test','2020-06-30 06:21:31.2972404+00:00','0001-01-01 00:00:00+00:00',11,1,'In progress','http://127.0.01',1,'2020-06-30 06:21:00+00:00','0001-01-01 00:00:00+00:00',NULL);
INSERT INTO campaigns VALUES(47,1,'Copy of Copy of Copy of neuer Test','2020-06-30 06:38:02.3061821+00:00','0001-01-01 00:00:00+00:00',11,1,'In progress','http://127.0.01',1,'2020-06-30 06:37:00+00:00','0001-01-01 00:00:00+00:00',NULL);
INSERT INTO campaigns VALUES(48,1,'Copy of Copy of Copy of Copy of neuer Test','2020-06-30 07:43:31.0436501+00:00','0001-01-01 00:00:00+00:00',11,1,'In progress','http://127.0.01',1,'2020-06-30 07:43:00+00:00','0001-01-01 00:00:00+00:00',NULL);
INSERT INTO campaigns VALUES(49,1,'Copy of Copy of Copy of Copy of Copy of neuer Test','2020-06-30 08:31:14.2778533+00:00','0001-01-01 00:00:00+00:00',11,1,'In progress','http://127.0.01',1,'2020-06-30 08:31:00+00:00','0001-01-01 00:00:00+00:00',NULL);
INSERT INTO campaigns VALUES(50,1,'jjj','2020-06-30 13:16:52.5965091+00:00','0001-01-01 00:00:00+00:00',11,1,'In progress','https://127.0.0.1',1,'2020-06-30 13:16:00+00:00','0001-01-01 00:00:00+00:00',NULL);
INSERT INTO campaigns VALUES(51,1,'Copy of jjj','2020-06-30 20:37:23.9030091+00:00','0001-01-01 00:00:00+00:00',11,1,'In progress','https://127.0.0.1',1,'2020-06-30 20:37:00+00:00','0001-01-01 00:00:00+00:00',NULL);
INSERT INTO campaigns VALUES(52,1,'Campaign Tracking Doc','2020-07-01 09:36:31.1213648+00:00','0001-01-01 00:00:00+00:00',13,1,'In progress','',1,'2020-07-01 09:36:00+00:00','0001-01-01 00:00:00+00:00',NULL);
INSERT INTO campaigns VALUES(53,1,'Campaign Tracking Doc 2','2020-07-01 09:39:17.4474709+00:00','0001-01-01 00:00:00+00:00',13,1,'In progress','https://127.0.0.1',1,'2020-07-01 09:38:00+00:00','0001-01-01 00:00:00+00:00',NULL);
INSERT INTO campaigns VALUES(54,1,'Campaign click submit','2020-07-01 12:28:31.961289+00:00','0001-01-01 00:00:00+00:00',12,1,'In progress','https://127.0.0.1',1,'2020-07-01 12:28:00+00:00','0001-01-01 00:00:00+00:00',NULL);
INSERT INTO campaigns VALUES(55,1,'Copy of Campaign Tracking Doc 32','2020-07-20 07:06:10.0655518+00:00','0001-01-01 00:00:00+00:00',13,1,'In progress','https://127.0.0.1',1,'2020-07-20 07:05:00+00:00','0001-01-01 00:00:00+00:00',NULL);
INSERT INTO campaigns VALUES(56,1,'Campaign Tracking Doc 33','2020-07-20 07:52:36.5362674+00:00','0001-01-01 00:00:00+00:00',13,1,'In progress','https://127.0.0.1',1,'2020-07-20 07:52:00+00:00','0001-01-01 00:00:00+00:00',NULL);
INSERT INTO campaigns VALUES(57,1,'Campaign Tracking Doc 34','2020-07-20 12:47:56.8634957+00:00','0001-01-01 00:00:00+00:00',13,1,'In progress','https://127.0.0.1',1,'2020-07-20 12:47:00+00:00','0001-01-01 00:00:00+00:00',NULL);
INSERT INTO campaigns VALUES(58,1,'Campaign Tracking Doc 35','2020-07-20 12:52:46.6284863+00:00','0001-01-01 00:00:00+00:00',13,1,'In progress','https://127.0.0.1',1,'2020-07-20 12:49:00+00:00','0001-01-01 00:00:00+00:00',NULL);
INSERT INTO campaigns VALUES(59,1,'Campaign Tracking Doc 36','2020-07-20 13:29:02.6524914+00:00','0001-01-01 00:00:00+00:00',13,1,'In progress','https://127.0.0.1',1,'2020-07-20 13:28:00+00:00','0001-01-01 00:00:00+00:00',NULL);
INSERT INTO campaigns VALUES(60,1,'Campaign Tracking Doc 37','2020-07-20 13:34:14.8594147+00:00','0001-01-01 00:00:00+00:00',13,1,'In progress','https://127.0.0.1',1,'2020-07-20 13:33:00+00:00','0001-01-01 00:00:00+00:00',NULL);
INSERT INTO campaigns VALUES(61,1,'Campaign Tracking Doc 38','2020-07-20 13:36:53.0806189+00:00','0001-01-01 00:00:00+00:00',13,1,'In progress','https://127.0.0.1',1,'2020-07-20 13:36:00+00:00','0001-01-01 00:00:00+00:00',NULL);
INSERT INTO campaigns VALUES(62,1,'Campaign Tracking Doc 39','2020-07-21 05:48:36.5830628+00:00','0001-01-01 00:00:00+00:00',13,1,'In progress','https://127.0.0.1',1,'2020-07-21 05:48:00+00:00','0001-01-01 00:00:00+00:00',NULL);
INSERT INTO campaigns VALUES(63,1,'Campaign Tracking Doc 39','2020-07-21 08:21:01.8741692+00:00','0001-01-01 00:00:00+00:00',13,1,'In progress','https://127.0.0.1',1,'2020-07-21 08:20:00+00:00','0001-01-01 00:00:00+00:00',NULL);
INSERT INTO campaigns VALUES(64,1,'Campaign Tracking Doc 40','2020-07-21 09:45:53.3152812+00:00','0001-01-01 00:00:00+00:00',13,1,'In progress','https://127.0.0.1',1,'2020-07-21 09:44:00+00:00','0001-01-01 00:00:00+00:00',NULL);
INSERT INTO campaigns VALUES(65,1,'Campaign Tracking Doc 41','2020-07-21 09:52:56.4768728+00:00','0001-01-01 00:00:00+00:00',13,1,'In progress','https://127.0.0.1',1,'2020-07-21 09:52:00+00:00','0001-01-01 00:00:00+00:00',NULL);
INSERT INTO campaigns VALUES(66,1,'Campaign Tracking Doc 42','2020-07-21 09:55:12.3869201+00:00','0001-01-01 00:00:00+00:00',13,1,'In progress','https://127.0.0.1',1,'2020-07-21 09:54:00+00:00','0001-01-01 00:00:00+00:00',NULL);
INSERT INTO campaigns VALUES(67,1,' Campaign Tracking Doc 43','2020-07-21 10:17:27.2192258+00:00','0001-01-01 00:00:00+00:00',13,1,'In progress','https://127.0.0.1',1,'2020-07-21 10:17:00+00:00','0001-01-01 00:00:00+00:00',NULL);
INSERT INTO campaigns VALUES(68,1,'df','2020-07-21 10:40:06.0486725+00:00','0001-01-01 00:00:00+00:00',14,1,'In progress','',1,'2020-07-21 10:39:00+00:00','0001-01-01 00:00:00+00:00',NULL);
INSERT INTO campaigns VALUES(69,1,'Owly Mail & GetNada','2020-07-22 10:41:22.0607331+00:00','0001-01-01 00:00:00+00:00',13,1,'In progress','https://127.0.0.1',1,'2020-07-22 10:40:00+00:00','0001-01-01 00:00:00+00:00',NULL);
INSERT INTO campaigns VALUES(70,1,'P1','2020-11-04 11:57:09.6441789+00:00','0001-01-01 00:00:00+00:00',13,1,'In progress','',1,'2020-11-04 11:56:00+00:00','0001-01-01 00:00:00+00:00',NULL);
INSERT INTO campaigns VALUES(71,1,'p','2020-11-04 12:28:56.3036037+00:00','0001-01-01 00:00:00+00:00',13,1,'In progress','',1,'2020-11-05 12:28:00+00:00','0001-01-01 00:00:00+00:00','*/5 9-17 * * *');
INSERT INTO campaigns VALUES(72,1,'P3','2020-11-04 12:33:35.9854432+00:00','0001-01-01 00:00:00+00:00',13,1,'In progress','',1,'2020-11-05 12:32:00+00:00','0001-01-01 00:00:00+00:00','');
INSERT INTO campaigns VALUES(73,1,'P4','2020-11-04 12:37:50.5041204+00:00','0001-01-01 00:00:00+00:00',13,1,'In progress','',1,'2020-11-05 12:37:00+00:00','0001-01-01 00:00:00+00:00','');
INSERT INTO campaigns VALUES(74,1,'P5','2020-11-04 12:42:12.6332764+00:00','0001-01-01 00:00:00+00:00',13,1,'In progress','',1,'2020-11-06 12:41:00+00:00','0001-01-01 00:00:00+00:00','');
INSERT INTO campaigns VALUES(75,1,'P6','2020-11-04 12:52:30.9076545+00:00','0001-01-01 00:00:00+00:00',13,1,'In progress','',1,'2020-11-06 12:51:00+00:00','0001-01-01 00:00:00+00:00','');
INSERT INTO campaigns VALUES(76,1,'P7','2020-11-04 13:05:14.9096097+00:00','0001-01-01 00:00:00+00:00',13,1,'In progress','',1,'2020-11-04 13:04:00+00:00','0001-01-01 00:00:00+00:00','*/5 9-17 * * *');
INSERT INTO campaigns VALUES(77,1,'P8','2020-11-04 13:31:26.9043202+00:00','0001-01-01 00:00:00+00:00',13,1,'In progress','',1,'2020-11-04 13:30:00+00:00','0001-01-01 00:00:00+00:00','*/5 9-16 * * *');
INSERT INTO campaigns VALUES(78,1,'P9','2020-11-05 08:32:33.5744252+00:00','0001-01-01 00:00:00+00:00',13,1,'In progress','',1,'2020-11-05 08:31:00+00:00','0001-01-01 00:00:00+00:00','*/5 9-15 * * *');
INSERT INTO campaigns VALUES(79,1,'P10','2020-11-05 10:21:41.6831173+00:00','0001-01-01 00:00:00+00:00',13,1,'In progress','',1,'2020-11-05 10:20:00+00:00','0001-01-01 00:00:00+00:00','*/5 9-17 * * *');
INSERT INTO campaigns VALUES(80,1,'P11','2020-11-05 10:26:00.0385718+00:00','0001-01-01 00:00:00+00:00',13,1,'In progress','',1,'2020-11-05 10:25:00+00:00','0001-01-01 00:00:00+00:00','*/5 9-17 * * *');
INSERT INTO campaigns VALUES(81,1,'P12','2020-11-05 10:36:05.5839569+00:00','0001-01-01 00:00:00+00:00',13,1,'In progress','',1,'2020-11-05 10:35:00+00:00','0001-01-01 00:00:00+00:00','*/5 9-17 * * *');
INSERT INTO campaigns VALUES(82,1,'P13','2020-11-05 10:39:16.6170521+00:00','0001-01-01 00:00:00+00:00',13,1,'In progress','',1,'2020-11-05 10:38:00+00:00','0001-01-01 00:00:00+00:00','*/5 9-17 * * *');
INSERT INTO campaigns VALUES(83,1,'P13','2020-11-05 10:44:10.0584012+00:00','0001-01-01 00:00:00+00:00',13,1,'In progress','',1,'2020-11-05 10:43:00+00:00','0001-01-01 00:00:00+00:00','*/5 9-17 * * *');
INSERT INTO campaigns VALUES(84,1,'P14','2020-11-05 10:50:24.0914864+00:00','0001-01-01 00:00:00+00:00',13,1,'In progress','',1,'2020-11-05 10:50:00+00:00','0001-01-01 00:00:00+00:00','*/5 9-17 * * *');
INSERT INTO campaigns VALUES(85,1,'P14','2020-11-05 11:06:41.8950909+00:00','0001-01-01 00:00:00+00:00',13,1,'In progress','',1,'2020-11-05 11:06:00+00:00','0001-01-01 00:00:00+00:00','*/5 9-17 * * *');
INSERT INTO campaigns VALUES(86,1,'P15','2020-11-05 11:10:53.4714242+00:00','0001-01-01 00:00:00+00:00',13,1,'In progress','',1,'2020-11-05 11:10:00+00:00','0001-01-01 00:00:00+00:00','*/5 9-17 * * *');
INSERT INTO campaigns VALUES(87,1,'P16','2020-11-06 13:09:57.4876143+00:00','0001-01-01 00:00:00+00:00',13,1,'In progress','',1,'2020-11-06 13:09:00+00:00','0001-01-01 00:00:00+00:00','*/5 14-17 * * *');
INSERT INTO campaigns VALUES(88,1,'P17','2020-11-06 14:36:51.1520764+00:00','0001-01-01 00:00:00+00:00',13,1,'In progress','',1,'2020-11-06 14:34:00+00:00','0001-01-01 00:00:00+00:00','*/5 15-17 * * *');
INSERT INTO campaigns VALUES(89,1,'P18','2020-11-10 10:57:48.1922586+00:00','0001-01-01 00:00:00+00:00',13,1,'In progress','',1,'2020-11-10 10:56:00+00:00','0001-01-01 00:00:00+00:00','*/5 9-17 * * *');
INSERT INTO campaigns VALUES(90,1,'P19','2020-11-10 13:36:03.26314+00:00','0001-01-01 00:00:00+00:00',13,1,'In progress','',1,'2020-11-10 13:35:00+00:00','0001-01-01 00:00:00+00:00','*/5 9-17 * * *');
CREATE TABLE IF NOT EXISTS attachments (id integer primary key auto_increment,template_id bigint,content varchar(255),type varchar(255),name varchar(255) );
INSERT INTO attachments VALUES(55,11,'','html/text','a.html.auto');
INSERT INTO attachments VALUES(56,11,'','doc/text','b.doc.auto');
INSERT INTO attachments VALUES(62,13,'','doc/text','b.doc.auto');
CREATE TABLE smtp(
	id integer primary key auto_increment,
	user_id bigint,
	interface_type varchar(255),
	name varchar(255),
	host varchar(255),
	username varchar(255),
	password varchar(255),
	from_address varchar(255),
	modified_date datetime default CURRENT_TIMESTAMP,
	ignore_cert_errors BOOLEAN
);
INSERT INTO smtp VALUES(1,1,'SMTP','Profile Test','mail.de-kundenservice.de:587','noreply@support.de-kundenservice.de','H@ckme01!','noreply@support.de-kundenservice.de','2020-06-19 11:29:46.339129+00:00',1);
CREATE TABLE headers(
	id integer primary key auto_increment,
	key varchar(255),
	value varchar(255),
	smtp_id bigint
);
CREATE TABLE IF NOT EXISTS mail_logs (
    id integer primary key auto_increment,
    campaign_id integer,
    user_id integer,
    send_date datetime,
    send_attempt integer,
    r_id varchar(255),
    processing boolean);
INSERT INTO mail_logs VALUES(198,90,1,'2020-11-10 13:45:00+00:00',0,'ladpNS3',0);
INSERT INTO mail_logs VALUES(199,90,1,'2020-11-10 13:50:00+00:00',0,'ytSyS8C',0);
CREATE TABLE IF NOT EXISTS email_requests (
    id integer primary key auto_increment,
    user_id integer,
    template_id integer,
    page_id integer,
    first_name varchar(255),
    last_name varchar(255),
    email varchar(255),
    position varchar(255),
    url varchar(255),
    r_id varchar(255),
    from_address varchar(255)
);
CREATE TABLE IF NOT EXISTS roles (
    id          INTEGER PRIMARY KEY auto_increment,
    slug        VARCHAR(255) NOT NULL UNIQUE,
    name        VARCHAR(255) NOT NULL UNIQUE,
    description VARCHAR(255)
);
INSERT INTO roles VALUES(1,'admin','Admin','System administrator with full permissions');
INSERT INTO roles VALUES(2,'user','User','User role with edit access to objects and campaigns');
CREATE TABLE IF NOT EXISTS permissions (
    id          INTEGER PRIMARY KEY auto_increment,
    slug        VARCHAR(255) NOT NULL UNIQUE,
    name        VARCHAR(255) NOT NULL UNIQUE,
    description VARCHAR(255)
);
INSERT INTO permissions VALUES(1,'view_objects','View Objects','View objects in Gophish');
INSERT INTO permissions VALUES(2,'modify_objects','Modify Objects','Create and edit objects in Gophish');
INSERT INTO permissions VALUES(3,'modify_system','Modify System','Manage system-wide configuration');
CREATE TABLE IF NOT EXISTS role_permissions (
    role_id       INTEGER NOT NULL,
    permission_id INTEGER NOT NULL
);
INSERT INTO role_permissions VALUES(1,1);
INSERT INTO role_permissions VALUES(2,1);
INSERT INTO role_permissions VALUES(1,2);
INSERT INTO role_permissions VALUES(2,2);
INSERT INTO role_permissions VALUES(1,3);
DELETE FROM sqlite_sequence;
INSERT INTO sqlite_sequence VALUES('goose_db_version',19);
INSERT INTO sqlite_sequence VALUES('roles',2);
INSERT INTO sqlite_sequence VALUES('permissions',3);
INSERT INTO sqlite_sequence VALUES('users',2);
INSERT INTO sqlite_sequence VALUES('templates',14);
INSERT INTO sqlite_sequence VALUES('attachments',62);
INSERT INTO sqlite_sequence VALUES('groups',2);
INSERT INTO sqlite_sequence VALUES('targets',13);
INSERT INTO sqlite_sequence VALUES('smtp',1);
INSERT INTO sqlite_sequence VALUES('pages',1);
INSERT INTO sqlite_sequence VALUES('campaigns',90);
INSERT INTO sqlite_sequence VALUES('events',441);
INSERT INTO sqlite_sequence VALUES('results',199);
INSERT INTO sqlite_sequence VALUES('mail_logs',199);
COMMIT;
